A00953:39:HTJFGDSXX:4:1118:21712:36464	NS_vRNA	294	728
A00953:39:HTJFGDSXX:4:1119:24740:26710	NS_vRNA	283	602
A00953:39:HTJFGDSXX:4:1120:25825:35665	NS_vRNA	656	734
A00953:39:HTJFGDSXX:4:1146:13250:22216	NS_vRNA	258	672
A00953:39:HTJFGDSXX:4:1148:18448:34381	NS_vRNA	769	827
A00953:39:HTJFGDSXX:4:1176:21432:22420	NS_vRNA	264	774
A00953:39:HTJFGDSXX:4:1233:18078:5682	NS_vRNA	247	675
A00953:39:HTJFGDSXX:4:1233:9118:5885	NS_vRNA	346	849
A00953:39:HTJFGDSXX:4:1234:10529:3693	NS_vRNA	197	757
A00953:39:HTJFGDSXX:4:1305:15817:28698	NS_vRNA	738	781
A00953:39:HTJFGDSXX:4:1307:11867:21950	NS_vRNA	263	544
A00953:39:HTJFGDSXX:4:1361:25690:13072	NS_vRNA	356	648
A00953:39:HTJFGDSXX:4:1414:1262:10128	NS_vRNA	248	835
A00953:39:HTJFGDSXX:4:1415:29894:6230	NS_vRNA	825	840
A00953:39:HTJFGDSXX:4:1415:16387:10708	NS_vRNA	646	689
A00953:39:HTJFGDSXX:4:1416:19081:19038	NS_vRNA	281	681
A00953:39:HTJFGDSXX:4:1442:6126:18270	NS_vRNA	394	534
A00953:39:HTJFGDSXX:4:1469:27724:15781	NS_vRNA	355	573
A00953:39:HTJFGDSXX:4:1574:5348:29199	NS_vRNA	260	720
A00953:39:HTJFGDSXX:4:1576:20971:20776	NS_vRNA	186	730
A00953:39:HTJFGDSXX:4:1577:5177:23829	NS_vRNA	787	808
A00953:39:HTJFGDSXX:4:1626:26549:17315	NS_vRNA	306	615
A00953:39:HTJFGDSXX:4:1648:7238:33912	NS_vRNA	804	853
A00953:39:HTJFGDSXX:4:1649:12572:29215	NS_vRNA	309	513
A00953:39:HTJFGDSXX:4:1650:24126:22044	NS_vRNA	126	504
A00953:39:HTJFGDSXX:4:2103:13575:31579	NS_vRNA	572	849
A00953:39:HTJFGDSXX:4:2131:3423:19507	NS_vRNA	199	615
A00953:39:HTJFGDSXX:4:2134:16125:15013	NS_vRNA	465	840
A00953:39:HTJFGDSXX:4:2214:15763:32017	NS_vRNA	775	827
A00953:39:HTJFGDSXX:4:2244:27706:10144	NS_vRNA	465	840
A00953:39:HTJFGDSXX:4:2275:16604:13056	NS_vRNA	360	526
A00953:39:HTJFGDSXX:4:2277:13431:1329	NS_vRNA	772	824
A00953:39:HTJFGDSXX:4:2323:2908:2769	NS_vRNA	771	825
A00953:39:HTJFGDSXX:4:2406:20464:28510	NS_vRNA	209	781
A00953:39:HTJFGDSXX:4:2407:26024:22921	NS_vRNA	102	691
A00953:39:HTJFGDSXX:4:2408:31792:13714	NS_vRNA	365	838
A00953:39:HTJFGDSXX:4:2432:6614:8782	NS_vRNA	405	539
A00953:39:HTJFGDSXX:4:2433:15772:19852	NS_vRNA	684	703
A00953:39:HTJFGDSXX:4:2433:14986:19899	NS_vRNA	684	703
A00953:39:HTJFGDSXX:4:2513:2790:28808	NS_vRNA	279	726
A00953:39:HTJFGDSXX:4:2514:16360:5713	NS_vRNA	236	267
A00953:39:HTJFGDSXX:4:2536:23430:20619	NS_vRNA	682	820
A00953:39:HTJFGDSXX:4:2537:19859:25394	NS_vRNA	812	841
A00953:39:HTJFGDSXX:4:2572:11270:23547	NS_vRNA	685	820
A00953:39:HTJFGDSXX:4:2574:6668:5149	NS_vRNA	664	710
A00953:39:HTJFGDSXX:4:2621:19551:1501	NS_vRNA	159	747
A00953:39:HTJFGDSXX:4:2652:28709:22561	NS_vRNA	772	824
A00953:39:HTJFGDSXX:4:2652:9878:25708	NS_vRNA	724	798
A00953:39:HTJFGDSXX:4:2652:19569:34225	NS_vRNA	185	274
A00953:39:HTJFGDSXX:4:1112:11487:1501	NS_vRNA	139	751
A00953:39:HTJFGDSXX:4:1114:10737:27727	NS_vRNA	292	729
A00953:39:HTJFGDSXX:4:1140:12644:36260	NS_vRNA	230	715
A00953:39:HTJFGDSXX:4:1141:32470:7811	NS_vRNA	771	801
A00953:39:HTJFGDSXX:4:1141:24406:32706	NS_vRNA	496	626
A00953:39:HTJFGDSXX:4:1142:26449:9408	NS_vRNA	189	803
A00953:39:HTJFGDSXX:4:1168:2058:5588	NS_vRNA	230	673
A00953:39:HTJFGDSXX:4:1168:1814:12023	NS_vRNA	230	673
A00953:39:HTJFGDSXX:4:1168:18819:31516	NS_vRNA	739	765
A00953:39:HTJFGDSXX:4:1169:18982:17394	NS_vRNA	311	734
A00953:39:HTJFGDSXX:4:1170:29658:1908	NS_vRNA	504	523
A00953:39:HTJFGDSXX:4:1220:15971:22294	NS_vRNA	230	745
A00953:39:HTJFGDSXX:4:1241:30083:27320	NS_vRNA	292	729
A00953:39:HTJFGDSXX:4:1241:30761:32095	NS_vRNA	184	610
A00953:39:HTJFGDSXX:4:1242:26874:16344	NS_vRNA	365	838
A00953:39:HTJFGDSXX:4:1325:32814:7341	NS_vRNA	173	728
A00953:39:HTJFGDSXX:4:1325:31159:16157	NS_vRNA	365	838
A00953:39:HTJFGDSXX:4:1325:3757:32863	NS_vRNA	522	541
A00953:39:HTJFGDSXX:4:1325:4182:33160	NS_vRNA	522	541
A00953:39:HTJFGDSXX:4:1347:16107:25410	NS_vRNA	365	838
A00953:39:HTJFGDSXX:4:1349:27868:34225	NS_vRNA	365	838
A00953:39:HTJFGDSXX:4:1401:18756:7106	NS_vRNA	572	849
A00953:39:HTJFGDSXX:4:1402:7355:17300	NS_vRNA	307	645
A00953:39:HTJFGDSXX:4:1427:18647:7138	NS_vRNA	297	730
A00953:39:HTJFGDSXX:4:1427:8223:18490	NS_vRNA	312	618
A00953:39:HTJFGDSXX:4:1427:10104:18552	NS_vRNA	312	618
A00953:39:HTJFGDSXX:4:1427:9525:18834	NS_vRNA	312	618
A00953:39:HTJFGDSXX:4:1452:18439:23876	NS_vRNA	219	731
A00953:39:HTJFGDSXX:4:1455:13774:12821	NS_vRNA	220	781
A00953:39:HTJFGDSXX:4:1505:11523:32847	NS_vRNA	102	759
A00953:39:HTJFGDSXX:4:1507:10239:12868	NS_vRNA	491	564
A00953:39:HTJFGDSXX:4:1508:19651:29669	NS_vRNA	740	776
A00953:39:HTJFGDSXX:4:1508:20066:30733	NS_vRNA	740	776
A00953:39:HTJFGDSXX:4:1560:7021:33160	NS_vRNA	739	752
A00953:39:HTJFGDSXX:4:1562:21115:14418	NS_vRNA	676	716
A00953:39:HTJFGDSXX:4:1608:22164:12790	NS_vRNA	572	849
A00953:39:HTJFGDSXX:4:1669:9751:26083	NS_vRNA	309	652
A00953:39:HTJFGDSXX:4:1669:9218:26099	NS_vRNA	309	652
A00953:39:HTJFGDSXX:4:1669:24523:28244	NS_vRNA	271	735
A00953:39:HTJFGDSXX:4:1670:15139:20791	NS_vRNA	282	480
A00953:39:HTJFGDSXX:4:1672:19397:10473	NS_vRNA	520	547
A00953:39:HTJFGDSXX:4:2110:8278:11913	NS_vRNA	572	849
A00953:39:HTJFGDSXX:4:2149:17282:17926	NS_vRNA	222	674
A00953:39:HTJFGDSXX:4:2176:3323:23343	NS_vRNA	378	396
A00953:39:HTJFGDSXX:4:2178:27046:9909	NS_vRNA	264	774
A00953:39:HTJFGDSXX:4:2178:26449:9972	NS_vRNA	264	774
A00953:39:HTJFGDSXX:4:2224:6198:5588	NS_vRNA	741	758
A00953:39:HTJFGDSXX:4:2224:32289:15421	NS_vRNA	224	700
A00953:39:HTJFGDSXX:4:2260:11270:32753	NS_vRNA	775	827
A00953:39:HTJFGDSXX:4:2261:32515:15374	NS_vRNA	262	612
A00953:39:HTJFGDSXX:4:2261:2826:21418	NS_vRNA	111	792
A00953:39:HTJFGDSXX:4:2305:23068:5588	NS_vRNA	292	729
A00953:39:HTJFGDSXX:4:2306:9028:1094	NS_vRNA	259	675
A00953:39:HTJFGDSXX:4:2365:24306:35947	NS_vRNA	239	703
A00953:39:HTJFGDSXX:4:2415:15031:4038	NS_vRNA	215	851
A00953:39:HTJFGDSXX:4:2451:18240:22842	NS_vRNA	780	807
A00953:39:HTJFGDSXX:4:2474:20401:8609	NS_vRNA	282	743
A00953:39:HTJFGDSXX:4:2474:13458:24205	NS_vRNA	119	807
A00953:39:HTJFGDSXX:4:2474:18927:31109	NS_vRNA	292	729
A00953:39:HTJFGDSXX:4:2474:18665:31375	NS_vRNA	292	729
A00953:39:HTJFGDSXX:4:2475:30770:11256	NS_vRNA	610	670
A00953:39:HTJFGDSXX:4:2475:30508:11741	NS_vRNA	610	670
A00953:39:HTJFGDSXX:4:2476:32099:11960	NS_vRNA	186	636
A00953:39:HTJFGDSXX:4:2477:14796:3662	NS_vRNA	757	803
A00953:39:HTJFGDSXX:4:2477:8576:16219	NS_vRNA	740	776
A00953:39:HTJFGDSXX:4:2523:29396:17143	NS_vRNA	165	687
A00953:39:HTJFGDSXX:4:2554:22706:13228	NS_vRNA	351	409
A00953:39:HTJFGDSXX:4:2555:23502:10285	NS_vRNA	217	672
A00953:39:HTJFGDSXX:4:2556:18936:10614	NS_vRNA	767	791
A00953:39:HTJFGDSXX:4:2556:20003:11835	NS_vRNA	767	791
A00953:39:HTJFGDSXX:4:2556:21721:14622	NS_vRNA	366	740
A00953:39:HTJFGDSXX:4:2578:5746:30107	NS_vRNA	163	785
A00953:39:HTJFGDSXX:4:2636:32253:35430	NS_vRNA	372	558
A00953:39:HTJFGDSXX:4:2637:14335:6621	NS_vRNA	112	134
A00953:39:HTJFGDSXX:4:2661:18936:29465	NS_vRNA	274	713
A00953:39:HTJFGDSXX:4:1152:24948:28197	NS_vRNA	684	727
A00953:39:HTJFGDSXX:4:1238:14552:12978	NS_vRNA	556	626
A00953:39:HTJFGDSXX:4:1240:21893:15515	NS_vRNA	325	526
A00953:39:HTJFGDSXX:4:1240:19705:17487	NS_vRNA	325	526
A00953:39:HTJFGDSXX:4:1268:30698:33332	NS_vRNA	139	702
A00953:39:HTJFGDSXX:4:1313:19253:3208	NS_vRNA	685	820
A00953:39:HTJFGDSXX:4:1345:14796:2973	NS_vRNA	238	686
A00953:39:HTJFGDSXX:4:1346:26286:8625	NS_vRNA	165	687
A00953:39:HTJFGDSXX:4:1367:16749:34131	NS_vRNA	572	849
A00953:39:HTJFGDSXX:4:1368:1389:13385	NS_vRNA	307	645
A00953:39:HTJFGDSXX:4:1368:19859:16157	NS_vRNA	781	816
A00953:39:HTJFGDSXX:4:1368:14416:30217	NS_vRNA	772	824
A00953:39:HTJFGDSXX:4:1422:6668:6245	NS_vRNA	803	822
A00953:39:HTJFGDSXX:4:1475:12870:35681	NS_vRNA	217	781
A00953:39:HTJFGDSXX:4:1528:24822:3051	NS_vRNA	150	742
A00953:39:HTJFGDSXX:4:1528:21748:21339	NS_vRNA	790	824
A00953:39:HTJFGDSXX:4:1529:17463:3020	NS_vRNA	805	866
A00953:39:HTJFGDSXX:4:1552:5927:1642	NS_vRNA	274	713
A00953:39:HTJFGDSXX:4:1605:6777:14231	NS_vRNA	503	538
A00953:39:HTJFGDSXX:4:1657:23755:25817	NS_vRNA	339	842
A00953:39:HTJFGDSXX:4:2139:13051:2863	NS_vRNA	310	575
A00953:39:HTJFGDSXX:4:2142:20365:1470	NS_vRNA	129	160
A00953:39:HTJFGDSXX:4:2172:16541:7091	NS_vRNA	199	664
A00953:39:HTJFGDSXX:4:2172:10755:15076	NS_vRNA	338	419
A00953:39:HTJFGDSXX:4:2219:30120:36401	NS_vRNA	572	849
A00953:39:HTJFGDSXX:4:2249:6397:23187	NS_vRNA	139	852
A00953:39:HTJFGDSXX:4:2301:15573:28526	NS_vRNA	741	758
A00953:39:HTJFGDSXX:4:2329:5231:22545	NS_vRNA	446	614
A00953:39:HTJFGDSXX:4:2361:32895:19664	NS_vRNA	353	623
A00953:39:HTJFGDSXX:4:2411:9073:9659	NS_vRNA	274	635
A00953:39:HTJFGDSXX:4:2438:4001:8547	NS_vRNA	167	726
A00953:39:HTJFGDSXX:4:2440:23285:16861	NS_vRNA	572	849
A00953:39:HTJFGDSXX:4:2471:3070:34710	NS_vRNA	186	231
A00953:39:HTJFGDSXX:4:2471:3260:34757	NS_vRNA	186	231
A00953:39:HTJFGDSXX:4:2472:25798:35430	NS_vRNA	219	733
A00953:39:HTJFGDSXX:4:2473:2121:21480	NS_vRNA	247	675
A00953:39:HTJFGDSXX:4:2519:16161:16986	NS_vRNA	768	803
A00953:39:HTJFGDSXX:4:2557:8919:31156	NS_vRNA	485	540
A00953:39:HTJFGDSXX:4:2558:21630:2127	NS_vRNA	232	721
A00953:39:HTJFGDSXX:4:2558:20473:3599	NS_vRNA	232	721
A00953:39:HTJFGDSXX:4:2558:21576:35102	NS_vRNA	224	705
A00953:39:HTJFGDSXX:4:2559:23231:21402	NS_vRNA	734	761
A00953:39:HTJFGDSXX:4:2560:21667:34131	NS_vRNA	230	749
A00953:39:HTJFGDSXX:4:2604:15176:11522	NS_vRNA	216	694
A00953:39:HTJFGDSXX:4:2629:26847:14826	NS_vRNA	771	825
A00953:39:HTJFGDSXX:4:2663:32497:26710	NS_vRNA	637	653
A00953:39:HTJFGDSXX:4:2664:32814:15170	NS_vRNA	146	616
A00953:39:HTJFGDSXX:4:2665:24614:17879	NS_vRNA	822	865
A00953:39:HTJFGDSXX:4:2666:24632:10207	NS_vRNA	126	633
A00953:39:HTJFGDSXX:4:1165:3034:5243	NS_vRNA	165	731
A00953:39:HTJFGDSXX:4:1167:24135:4241	NS_vRNA	302	550
A00953:39:HTJFGDSXX:4:1214:3269:12383	NS_vRNA	768	814
A00953:39:HTJFGDSXX:4:1215:18548:4586	NS_vRNA	775	827
A00953:39:HTJFGDSXX:4:1217:15790:3881	NS_vRNA	282	715
A00953:39:HTJFGDSXX:4:1262:15447:26490	NS_vRNA	686	823
A00953:39:HTJFGDSXX:4:1263:20573:22842	NS_vRNA	154	786
A00953:39:HTJFGDSXX:4:1265:24894:23030	NS_vRNA	233	523
A00953:39:HTJFGDSXX:4:1316:4273:5478	NS_vRNA	787	823
A00953:39:HTJFGDSXX:4:1318:15745:29543	NS_vRNA	378	490
A00953:39:HTJFGDSXX:4:1342:18819:26944	NS_vRNA	346	849
A00953:39:HTJFGDSXX:4:1371:1253:4131	NS_vRNA	311	321
A00953:39:HTJFGDSXX:4:1372:6406:13338	NS_vRNA	164	674
A00953:39:HTJFGDSXX:4:1418:11216:3223	NS_vRNA	388	524
A00953:39:HTJFGDSXX:4:1447:29785:11929	NS_vRNA	303	515
A00953:39:HTJFGDSXX:4:1448:21450:21605	NS_vRNA	555	736
A00953:39:HTJFGDSXX:4:1478:21938:25300	NS_vRNA	693	712
A00953:39:HTJFGDSXX:4:1525:25265:23985	NS_vRNA	775	823
A00953:39:HTJFGDSXX:4:1555:3459:17033	NS_vRNA	102	124
A00953:39:HTJFGDSXX:4:1556:24370:24314	NS_vRNA	710	807
A00953:39:HTJFGDSXX:4:1557:1280:9283	NS_vRNA	341	634
A00953:39:HTJFGDSXX:4:1602:10239:19883	NS_vRNA	214	634
A00953:39:HTJFGDSXX:4:1602:10104:20275	NS_vRNA	214	634
A00953:39:HTJFGDSXX:4:1602:20437:36104	NS_vRNA	633	649
A00953:39:HTJFGDSXX:4:1628:28348:32393	NS_vRNA	137	819
A00953:39:HTJFGDSXX:4:1629:22978:6245	NS_vRNA	772	803
A00953:39:HTJFGDSXX:4:1629:25753:25394	NS_vRNA	771	825
A00953:39:HTJFGDSXX:4:1630:26747:2159	NS_vRNA	772	803
A00953:39:HTJFGDSXX:4:1659:21775:9267	NS_vRNA	186	730
A00953:39:HTJFGDSXX:4:1659:21739:9361	NS_vRNA	186	730
A00953:39:HTJFGDSXX:4:1659:11406:24533	NS_vRNA	784	805
A00953:39:HTJFGDSXX:4:1660:20726:31939	NS_vRNA	780	807
A00953:39:HTJFGDSXX:4:1660:18855:32456	NS_vRNA	758	777
A00953:39:HTJFGDSXX:4:2137:5746:22780	NS_vRNA	776	820
A00953:39:HTJFGDSXX:4:2137:12364:31579	NS_vRNA	175	790
A00953:39:HTJFGDSXX:4:2217:15365:2832	NS_vRNA	282	715
A00953:39:HTJFGDSXX:4:2218:12355:14058	NS_vRNA	235	536
A00953:39:HTJFGDSXX:4:2218:14588:17487	NS_vRNA	235	536
A00953:39:HTJFGDSXX:4:2247:12789:29121	NS_vRNA	521	538
A00953:39:HTJFGDSXX:4:2247:11894:30201	NS_vRNA	521	538
A00953:39:HTJFGDSXX:4:2247:11876:30545	NS_vRNA	521	538
A00953:39:HTJFGDSXX:4:2325:10818:14372	NS_vRNA	247	675
A00953:39:HTJFGDSXX:4:2327:9335:12273	NS_vRNA	581	840
A00953:39:HTJFGDSXX:4:2327:23683:20619	NS_vRNA	686	854
A00953:39:HTJFGDSXX:4:2403:29261:13745	NS_vRNA	779	812
A00953:39:HTJFGDSXX:4:2404:21531:24784	NS_vRNA	199	231
A00953:39:HTJFGDSXX:4:2437:14000:30906	NS_vRNA	230	745
A00953:39:HTJFGDSXX:4:2459:13187:30248	NS_vRNA	682	820
A00953:39:HTJFGDSXX:4:2461:15971:23265	NS_vRNA	771	825
A00953:39:HTJFGDSXX:4:2514:30364:31814	NS_vRNA	307	719
A00953:39:HTJFGDSXX:4:2514:30463:33739	NS_vRNA	307	719
A00953:39:HTJFGDSXX:4:2544:32579:36620	NS_vRNA	365	838
A00953:39:HTJFGDSXX:4:2572:22996:8594	NS_vRNA	219	731
A00953:39:HTJFGDSXX:4:1104:14995:32252	NS_vRNA	294	519
A00953:39:HTJFGDSXX:4:1104:14986:33896	NS_vRNA	294	519
A00953:39:HTJFGDSXX:4:1105:32154:22670	NS_vRNA	478	503
A00953:39:HTJFGDSXX:4:1106:20735:8281	NS_vRNA	635	672
A00953:39:HTJFGDSXX:4:1131:25093:11099	NS_vRNA	218	770
A00953:39:HTJFGDSXX:4:1131:25446:14591	NS_vRNA	218	770
A00953:39:HTJFGDSXX:4:1132:15203:3928	NS_vRNA	296	734
A00953:39:HTJFGDSXX:4:1157:13901:7435	NS_vRNA	78	750
A00953:39:HTJFGDSXX:4:1207:15212:25019	NS_vRNA	772	824
A00953:39:HTJFGDSXX:4:1207:15004:25254	NS_vRNA	772	824
A00953:39:HTJFGDSXX:4:1223:32443:7420	NS_vRNA	740	776
A00953:39:HTJFGDSXX:4:1246:11831:34475	NS_vRNA	588	650
A00953:39:HTJFGDSXX:4:1301:17698:34334	NS_vRNA	650	674
A00953:39:HTJFGDSXX:4:1304:29152:32221	NS_vRNA	102	691
A00953:39:HTJFGDSXX:4:1304:29767:33035	NS_vRNA	102	691
A00953:39:HTJFGDSXX:4:1326:4010:6840	NS_vRNA	301	690
A00953:39:HTJFGDSXX:4:1326:6641:19382	NS_vRNA	775	827
A00953:39:HTJFGDSXX:4:1358:19723:21684	NS_vRNA	656	734
A00953:39:HTJFGDSXX:4:1403:30120:30671	NS_vRNA	288	308
A00953:39:HTJFGDSXX:4:1404:3143:31109	NS_vRNA	767	791
A00953:39:HTJFGDSXX:4:1429:29577:17425	NS_vRNA	292	729
A00953:39:HTJFGDSXX:4:1462:6958:36965	NS_vRNA	150	634
A00953:39:HTJFGDSXX:4:1463:32298:3443	NS_vRNA	710	807
A00953:39:HTJFGDSXX:4:1564:5846:18004	NS_vRNA	686	712
A00953:39:HTJFGDSXX:4:1565:10447:18051	NS_vRNA	686	712
A00953:39:HTJFGDSXX:4:1612:8929:28792	NS_vRNA	193	677
A00953:39:HTJFGDSXX:4:1612:8992:28839	NS_vRNA	193	677
A00953:39:HTJFGDSXX:4:1668:29857:28745	NS_vRNA	221	781
A00953:39:HTJFGDSXX:4:2143:28881:20040	NS_vRNA	772	824
A00953:39:HTJFGDSXX:4:2168:10854:2910	NS_vRNA	103	628
A00953:39:HTJFGDSXX:4:2168:19117:33191	NS_vRNA	166	690
A00953:39:HTJFGDSXX:4:2170:5312:9314	NS_vRNA	292	729
A00953:39:HTJFGDSXX:4:2226:8142:2628	NS_vRNA	743	795
A00953:39:HTJFGDSXX:4:2253:27525:26021	NS_vRNA	379	399
A00953:39:HTJFGDSXX:4:2308:12509:18959	NS_vRNA	759	794
A00953:39:HTJFGDSXX:4:2332:26937:34804	NS_vRNA	378	490
A00953:39:HTJFGDSXX:4:2333:9272:16016	NS_vRNA	224	705
A00953:39:HTJFGDSXX:4:2360:16278:2378	NS_vRNA	775	827
A00953:39:HTJFGDSXX:4:2418:7808:2112	NS_vRNA	771	801
A00953:39:HTJFGDSXX:4:2418:27688:26052	NS_vRNA	292	729
A00953:39:HTJFGDSXX:4:2442:32488:30545	NS_vRNA	370	565
A00953:39:HTJFGDSXX:4:2443:21178:34475	NS_vRNA	707	788
A00953:39:HTJFGDSXX:4:2467:13566:28463	NS_vRNA	135	614
A00953:39:HTJFGDSXX:4:2468:17237:6198	NS_vRNA	801	823
A00953:39:HTJFGDSXX:4:2525:25771:30592	NS_vRNA	775	823
A00953:39:HTJFGDSXX:4:2526:30445:13636	NS_vRNA	282	779
A00953:39:HTJFGDSXX:4:2526:18285:26459	NS_vRNA	199	664
A00953:39:HTJFGDSXX:4:2526:32181:36464	NS_vRNA	292	729
A00953:39:HTJFGDSXX:4:2548:11288:11522	NS_vRNA	803	828
A00953:39:HTJFGDSXX:4:2605:11415:12367	NS_vRNA	775	827
A00953:39:HTJFGDSXX:4:2605:15167:15734	NS_vRNA	462	536
A00953:39:HTJFGDSXX:4:2630:31448:31532	NS_vRNA	296	731
A00953:39:HTJFGDSXX:4:2630:31458:31548	NS_vRNA	296	731
A00953:39:HTJFGDSXX:4:2631:13349:7200	NS_vRNA	572	849
A00953:39:HTJFGDSXX:4:2632:21649:18662	NS_vRNA	112	134
A00953:39:HTJFGDSXX:4:2659:30933:12101	NS_vRNA	775	827
A00953:39:HTJFGDSXX:4:1123:18738:12305	NS_vRNA	725	746
A00953:39:HTJFGDSXX:4:1124:16333:36198	NS_vRNA	457	510
A00953:39:HTJFGDSXX:4:1155:7419:34914	NS_vRNA	572	849
A00953:39:HTJFGDSXX:4:1156:10872:10739	NS_vRNA	310	489
A00953:39:HTJFGDSXX:4:1203:32796:16705	NS_vRNA	268	706
A00953:39:HTJFGDSXX:4:1253:7012:5776	NS_vRNA	791	824
A00953:39:HTJFGDSXX:4:1255:28556:6480	NS_vRNA	281	466
A00953:39:HTJFGDSXX:4:1276:32380:28917	NS_vRNA	221	781
A00953:39:HTJFGDSXX:4:1277:8495:12821	NS_vRNA	98	120
A00953:39:HTJFGDSXX:4:1277:19515:36292	NS_vRNA	292	729
A00953:39:HTJFGDSXX:4:1350:31910:17206	NS_vRNA	801	823
A00953:39:HTJFGDSXX:4:1350:32316:18662	NS_vRNA	801	823
A00953:39:HTJFGDSXX:4:1377:26874:4288	NS_vRNA	634	647
A00953:39:HTJFGDSXX:4:1432:5647:18443	NS_vRNA	199	664
A00953:39:HTJFGDSXX:4:1456:19904:33458	NS_vRNA	653	682
A00953:39:HTJFGDSXX:4:1503:28393:36041	NS_vRNA	522	584
A00953:39:HTJFGDSXX:4:1535:15899:16438	NS_vRNA	775	823
A00953:39:HTJFGDSXX:4:1558:16767:34037	NS_vRNA	216	247
A00953:39:HTJFGDSXX:4:1560:8386:16016	NS_vRNA	264	774
A00953:39:HTJFGDSXX:4:1560:21178:22639	NS_vRNA	230	749
A00953:39:HTJFGDSXX:4:1641:21305:26710	NS_vRNA	240	678
A00953:39:HTJFGDSXX:4:1662:6650:32581	NS_vRNA	522	541
A00953:39:HTJFGDSXX:4:1664:19307:7529	NS_vRNA	246	503
A00953:39:HTJFGDSXX:4:1664:12020:27038	NS_vRNA	309	652
A00953:39:HTJFGDSXX:4:1664:11360:28620	NS_vRNA	309	652
A00953:39:HTJFGDSXX:4:1664:11451:28620	NS_vRNA	309	652
A00953:39:HTJFGDSXX:4:1664:18548:29481	NS_vRNA	244	311
A00953:39:HTJFGDSXX:4:1665:19696:33442	NS_vRNA	493	525
A00953:39:HTJFGDSXX:4:2120:23167:27837	NS_vRNA	258	672
A00953:39:HTJFGDSXX:4:2122:18945:18740	NS_vRNA	262	753
A00953:39:HTJFGDSXX:4:2147:25274:13730	NS_vRNA	103	114
A00953:39:HTJFGDSXX:4:2148:28556:11459	NS_vRNA	212	243
A00953:39:HTJFGDSXX:4:2211:22788:11177	NS_vRNA	781	812
A00953:39:HTJFGDSXX:4:2234:23909:23641	NS_vRNA	242	264
A00953:39:HTJFGDSXX:4:2256:14217:6918	NS_vRNA	300	584
A00953:39:HTJFGDSXX:4:2257:21404:28291	NS_vRNA	780	807
A00953:39:HTJFGDSXX:4:2257:14561:36229	NS_vRNA	781	841
A00953:39:HTJFGDSXX:4:2258:11659:1454	NS_vRNA	199	615
A00953:39:HTJFGDSXX:4:2312:26901:9784	NS_vRNA	780	806
A00953:39:HTJFGDSXX:4:2337:22010:9737	NS_vRNA	724	798
A00953:39:HTJFGDSXX:4:2338:21576:2347	NS_vRNA	309	513
A00953:39:HTJFGDSXX:4:2372:8712:21402	NS_vRNA	780	816
A00953:39:HTJFGDSXX:4:2373:26919:15671	NS_vRNA	772	803
A00953:39:HTJFGDSXX:4:2421:15167:6245	NS_vRNA	233	716
A00953:39:HTJFGDSXX:4:2445:24198:7106	NS_vRNA	347	574
A00953:39:HTJFGDSXX:4:2446:22254:9471	NS_vRNA	135	694
A00953:39:HTJFGDSXX:4:2447:28971:15405	NS_vRNA	772	803
A00953:39:HTJFGDSXX:4:2448:27480:11945	NS_vRNA	772	803
A00953:39:HTJFGDSXX:4:2501:9833:8625	NS_vRNA	436	629
A00953:39:HTJFGDSXX:4:2529:11966:28510	NS_vRNA	247	675
A00953:39:HTJFGDSXX:4:2530:27172:1297	NS_vRNA	558	616
A00953:39:HTJFGDSXX:4:2530:18159:3223	NS_vRNA	300	584
A00953:39:HTJFGDSXX:4:2550:15329:34961	NS_vRNA	758	825
A00953:39:HTJFGDSXX:4:2553:11840:2487	NS_vRNA	240	637
A00953:39:HTJFGDSXX:4:2611:15194:10050	NS_vRNA	233	523
A00953:39:HTJFGDSXX:4:2611:29315:30780	NS_vRNA	335	616
A00953:39:HTJFGDSXX:4:2639:9353:21950	NS_vRNA	123	160
A00953:39:HTJFGDSXX:4:2639:10474:21950	NS_vRNA	123	160
A00953:39:HTJFGDSXX:4:2640:21278:19116	NS_vRNA	475	539
A00953:39:HTJFGDSXX:4:2673:18810:25175	NS_vRNA	685	820
A00953:39:HTJFGDSXX:4:2673:12066:30718	NS_vRNA	310	647
A00953:39:HTJFGDSXX:4:1118:4092:13025	NS_vRNA	478	503
A00953:39:HTJFGDSXX:4:1224:16278:7294	NS_vRNA	187	636
A00953:39:HTJFGDSXX:4:1249:15257:25160	NS_vRNA	790	824
A00953:39:HTJFGDSXX:4:1250:15338:35070	NS_vRNA	486	564
A00953:39:HTJFGDSXX:4:1274:27896:13228	NS_vRNA	757	803
A00953:39:HTJFGDSXX:4:1356:29622:36135	NS_vRNA	262	612
A00953:39:HTJFGDSXX:4:1436:13422:12994	NS_vRNA	772	825
A00953:39:HTJFGDSXX:4:1438:21793:11960	NS_vRNA	772	824
A00953:39:HTJFGDSXX:4:1462:3568:5071	NS_vRNA	776	825
A00953:39:HTJFGDSXX:4:1537:9778:19179	NS_vRNA	171	661
A00953:39:HTJFGDSXX:4:1537:5656:36746	NS_vRNA	171	661
A00953:39:HTJFGDSXX:4:1538:20283:2707	NS_vRNA	742	781
A00953:39:HTJFGDSXX:4:1538:28113:22842	NS_vRNA	664	710
A00953:39:HTJFGDSXX:4:1538:12129:33959	NS_vRNA	301	356
A00953:39:HTJFGDSXX:4:1538:12961:33990	NS_vRNA	301	356
A00953:39:HTJFGDSXX:4:1539:3540:34084	NS_vRNA	634	702
A00953:39:HTJFGDSXX:4:1620:25635:31735	NS_vRNA	768	803
A00953:39:HTJFGDSXX:4:1676:10276:35039	NS_vRNA	230	745
A00953:39:HTJFGDSXX:4:2126:18304:26146	NS_vRNA	780	807
A00953:39:HTJFGDSXX:4:2204:18439:34773	NS_vRNA	804	853
A00953:39:HTJFGDSXX:4:2205:2266:27524	NS_vRNA	148	575
A00953:39:HTJFGDSXX:4:2206:19732:18286	NS_vRNA	186	658
A00953:39:HTJFGDSXX:4:2207:18484:19883	NS_vRNA	772	824
A00953:39:HTJFGDSXX:4:2229:10691:27461	NS_vRNA	119	169
A00953:39:HTJFGDSXX:4:2267:11767:27226	NS_vRNA	356	648
A00953:39:HTJFGDSXX:4:2267:11659:27414	NS_vRNA	356	648
A00953:39:HTJFGDSXX:4:2346:29243:36323	NS_vRNA	307	322
A00953:39:HTJFGDSXX:4:2346:29604:36385	NS_vRNA	307	322
A00953:39:HTJFGDSXX:4:2349:30264:17143	NS_vRNA	216	247
A00953:39:HTJFGDSXX:4:2424:28357:18411	NS_vRNA	139	716
A00953:39:HTJFGDSXX:4:2424:27055:34945	NS_vRNA	283	776
A00953:39:HTJFGDSXX:4:2426:3577:22905	NS_vRNA	281	589
A00953:39:HTJFGDSXX:4:2458:4128:14528	NS_vRNA	706	793
A00953:39:HTJFGDSXX:4:2459:18774:7701	NS_vRNA	592	820
A00953:39:HTJFGDSXX:4:2459:18584:7811	NS_vRNA	592	820
A00953:39:HTJFGDSXX:4:2503:14832:29559	NS_vRNA	719	771
A00953:39:HTJFGDSXX:4:2506:32597:27320	NS_vRNA	780	803
A00953:39:HTJFGDSXX:4:2542:22327:35086	NS_vRNA	290	718
A00953:39:HTJFGDSXX:4:2613:13123:3114	NS_vRNA	230	282
A00953:39:HTJFGDSXX:4:2614:8594:1595	NS_vRNA	199	261
A00953:39:HTJFGDSXX:4:2614:8097:1924	NS_vRNA	199	261
A00953:39:HTJFGDSXX:4:2614:30092:17378	NS_vRNA	200	719
A00953:39:HTJFGDSXX:4:2648:27326:20196	NS_vRNA	307	550
A00953:39:HTJFGDSXX:4:2675:6388:6856	NS_vRNA	686	854
A00953:39:HTJFGDSXX:4:2675:7681:23187	NS_vRNA	165	204
A00953:39:HTJFGDSXX:4:2676:7789:19774	NS_vRNA	310	649
A00953:39:HTJFGDSXX:4:2676:27977:34882	NS_vRNA	730	806
A00953:39:HTJFGDSXX:4:1110:12481:31939	NS_vRNA	553	719
A00953:39:HTJFGDSXX:4:1134:28004:8124	NS_vRNA	307	645
A00953:39:HTJFGDSXX:4:1160:20871:10958	NS_vRNA	136	750
A00953:39:HTJFGDSXX:4:1160:8558:13150	NS_vRNA	278	517
A00953:39:HTJFGDSXX:4:1162:27154:30295	NS_vRNA	267	682
A00953:39:HTJFGDSXX:4:1211:15727:31234	NS_vRNA	202	241
A00953:39:HTJFGDSXX:4:1213:2293:5087	NS_vRNA	399	505
A00953:39:HTJFGDSXX:4:1213:7609:6840	NS_vRNA	244	636
A00953:39:HTJFGDSXX:4:1229:22887:15264	NS_vRNA	144	721
A00953:39:HTJFGDSXX:4:1229:23737:16235	NS_vRNA	740	774
A00953:39:HTJFGDSXX:4:1229:20410:25379	NS_vRNA	170	770
A00953:39:HTJFGDSXX:4:1308:11677:25097	NS_vRNA	154	786
A00953:39:HTJFGDSXX:4:1309:30743:34131	NS_vRNA	365	838
A00953:39:HTJFGDSXX:4:1311:17788:25723	NS_vRNA	365	838
A00953:39:HTJFGDSXX:4:1335:2799:7811	NS_vRNA	475	539
A00953:39:HTJFGDSXX:4:1364:19099:16125	NS_vRNA	102	691
A00953:39:HTJFGDSXX:4:1364:18964:16579	NS_vRNA	102	691
A00953:39:HTJFGDSXX:4:1411:6234:11913	NS_vRNA	653	682
A00953:39:HTJFGDSXX:4:1413:18295:6402	NS_vRNA	618	662
A00953:39:HTJFGDSXX:4:1440:7527:12994	NS_vRNA	247	675
A00953:39:HTJFGDSXX:4:1441:2374:1188	NS_vRNA	199	615
A00953:39:HTJFGDSXX:4:1516:23131:27712	NS_vRNA	151	691
A00953:39:HTJFGDSXX:4:1519:23574:1485	NS_vRNA	259	675
A00953:39:HTJFGDSXX:4:1547:6741:2957	NS_vRNA	179	729
A00953:39:HTJFGDSXX:4:1547:4915:7310	NS_vRNA	722	778
A00953:39:HTJFGDSXX:4:1549:16441:22889	NS_vRNA	775	823
A00953:39:HTJFGDSXX:4:1573:31584:5368	NS_vRNA	292	729
A00953:39:HTJFGDSXX:4:1573:29179:25880	NS_vRNA	560	625
A00953:39:HTJFGDSXX:4:1622:26910:20509	NS_vRNA	155	653
A00953:39:HTJFGDSXX:4:1622:27272:21574	NS_vRNA	155	653
A00953:39:HTJFGDSXX:4:1653:8757:28307	NS_vRNA	264	597
A00953:39:HTJFGDSXX:4:1654:29423:28369	NS_vRNA	240	678
A00953:39:HTJFGDSXX:4:1655:24189:11569	NS_vRNA	781	825
A00953:39:HTJFGDSXX:4:1674:1226:18959	NS_vRNA	686	838
A00953:39:HTJFGDSXX:4:2129:19940:14262	NS_vRNA	182	798
A00953:39:HTJFGDSXX:4:2154:18710:17174	NS_vRNA	282	480
A00953:39:HTJFGDSXX:4:2156:22535:1752	NS_vRNA	200	719
A00953:39:HTJFGDSXX:4:2178:29062:33129	NS_vRNA	247	675
A00953:39:HTJFGDSXX:4:2240:21929:3991	NS_vRNA	685	820
A00953:39:HTJFGDSXX:4:2263:28935:24330	NS_vRNA	691	812
A00953:39:HTJFGDSXX:4:2264:26115:7701	NS_vRNA	218	635
A00953:39:HTJFGDSXX:4:2264:14217:11177	NS_vRNA	637	653
A00953:39:HTJFGDSXX:4:2318:26106:7560	NS_vRNA	346	849
A00953:39:HTJFGDSXX:4:2320:3893:8985	NS_vRNA	686	711
A00953:39:HTJFGDSXX:4:2320:4282:9439	NS_vRNA	686	711
A00953:39:HTJFGDSXX:4:2344:15429:8234	NS_vRNA	172	806
A00953:39:HTJFGDSXX:4:2369:14877:5087	NS_vRNA	772	824
A00953:39:HTJFGDSXX:4:2369:10384:30749	NS_vRNA	734	761
A00953:39:HTJFGDSXX:4:2427:22218:14074	NS_vRNA	689	788
A00953:39:HTJFGDSXX:4:2428:12002:3333	NS_vRNA	427	439
A00953:39:HTJFGDSXX:4:2454:31702:32002	NS_vRNA	791	824
A00953:39:HTJFGDSXX:4:2455:7066:32988	NS_vRNA	684	727
A00953:39:HTJFGDSXX:4:2507:14199:4852	NS_vRNA	469	790
A00953:39:HTJFGDSXX:4:2509:13602:20979	NS_vRNA	351	611
A00953:39:HTJFGDSXX:4:2509:18774:27806	NS_vRNA	272	491
A00953:39:HTJFGDSXX:4:2533:9914:36605	NS_vRNA	362	436
A00953:39:HTJFGDSXX:4:2534:11234:36072	NS_vRNA	197	757
A00953:39:HTJFGDSXX:4:2535:16721:7467	NS_vRNA	100	722
A00953:39:HTJFGDSXX:4:2617:6858:13495	NS_vRNA	167	706
A00953:39:HTJFGDSXX:4:2642:28330:28009	NS_vRNA	165	654
A00953:39:HTJFGDSXX:4:2642:5177:34726	NS_vRNA	305	328
A00953:39:HTJFGDSXX:4:2643:15004:36338	NS_vRNA	772	824
A00953:39:HTJFGDSXX:4:2668:26323:22247	NS_vRNA	388	524
A00953:39:HTJFGDSXX:4:2669:28239:11099	NS_vRNA	772	824
A00953:39:HTJFGDSXX:4:2670:3920:1924	NS_vRNA	787	825
A00953:39:HTJFGDSXX:4:1112:2826:4069	NS_vRNA	235	771
A00953:39:HTJFGDSXX:4:1114:10737:27727	NS_vRNA	292	729
A00953:39:HTJFGDSXX:4:1138:20952:33833	NS_vRNA	633	650
A00953:39:HTJFGDSXX:4:1165:29451:16454	NS_vRNA	683	703
A00953:39:HTJFGDSXX:4:1165:17806:30671	NS_vRNA	38	50
A00953:39:HTJFGDSXX:4:1214:3269:12383	NS_vRNA	768	814
A00953:39:HTJFGDSXX:4:1215:18548:4586	NS_vRNA	775	827
A00953:39:HTJFGDSXX:4:1215:13928:22889	NS_vRNA	247	675
A00953:39:HTJFGDSXX:4:1235:10800:33129	NS_vRNA	556	626
A00953:39:HTJFGDSXX:4:1237:11677:12101	NS_vRNA	135	614
A00953:39:HTJFGDSXX:4:1262:10375:26256	NS_vRNA	184	848
A00953:39:HTJFGDSXX:4:1262:15447:26490	NS_vRNA	686	823
A00953:39:HTJFGDSXX:4:1342:18819:26944	NS_vRNA	346	849
A00953:39:HTJFGDSXX:4:1367:16749:34131	NS_vRNA	572	849
A00953:39:HTJFGDSXX:4:1368:19859:16157	NS_vRNA	781	816
A00953:39:HTJFGDSXX:4:1447:2609:23109	NS_vRNA	365	838
A00953:39:HTJFGDSXX:4:1447:30192:36245	NS_vRNA	287	385
A00953:39:HTJFGDSXX:4:1448:28185:35117	NS_vRNA	681	712
A00953:39:HTJFGDSXX:4:1477:26594:5306	NS_vRNA	58	712
A00953:39:HTJFGDSXX:4:1555:22245:16188	NS_vRNA	244	678
A00953:39:HTJFGDSXX:4:1576:20971:20776	NS_vRNA	186	730
A00953:39:HTJFGDSXX:4:1577:5177:23829	NS_vRNA	787	808
A00953:39:HTJFGDSXX:4:1627:19397:2112	NS_vRNA	260	720
A00953:39:HTJFGDSXX:4:1661:5385:34209	NS_vRNA	772	803
A00953:39:HTJFGDSXX:4:1662:28953:24361	NS_vRNA	218	635
A00953:39:HTJFGDSXX:4:2165:12156:23547	NS_vRNA	388	401
A00953:39:HTJFGDSXX:4:2167:12933:9111	NS_vRNA	771	801
A00953:39:HTJFGDSXX:4:2168:10854:2910	NS_vRNA	103	628
A00953:39:HTJFGDSXX:4:2218:29568:8390	NS_vRNA	243	750
A00953:39:HTJFGDSXX:4:2218:27651:10144	NS_vRNA	243	750
A00953:39:HTJFGDSXX:4:2251:28510:27258	NS_vRNA	110	773
A00953:39:HTJFGDSXX:4:2251:10393:27727	NS_vRNA	766	826
A00953:39:HTJFGDSXX:4:2274:5665:4539	NS_vRNA	747	786
A00953:39:HTJFGDSXX:4:2275:18638:7811	NS_vRNA	740	774
A00953:39:HTJFGDSXX:4:2331:29234:2707	NS_vRNA	198	739
A00953:39:HTJFGDSXX:4:2333:25907:2988	NS_vRNA	681	712
A00953:39:HTJFGDSXX:4:2358:10863:14951	NS_vRNA	780	803
A00953:39:HTJFGDSXX:4:2403:29261:13745	NS_vRNA	779	812
A00953:39:HTJFGDSXX:4:2404:21531:24784	NS_vRNA	199	231
A00953:39:HTJFGDSXX:4:2404:13512:36886	NS_vRNA	247	675
A00953:39:HTJFGDSXX:4:2441:23845:7592	NS_vRNA	187	615
A00953:39:HTJFGDSXX:4:2467:13566:28463	NS_vRNA	135	614
A00953:39:HTJFGDSXX:4:2518:23222:9768	NS_vRNA	116	137
A00953:39:HTJFGDSXX:4:2519:16161:16986	NS_vRNA	768	803
A00953:39:HTJFGDSXX:4:2545:22878:36980	NS_vRNA	300	504
A00953:39:HTJFGDSXX:4:2572:11270:23547	NS_vRNA	685	820
A00953:39:HTJFGDSXX:4:2625:18195:27179	NS_vRNA	312	618
A00953:39:HTJFGDSXX:4:2626:5150:35900	NS_vRNA	260	558
A00953:39:HTJFGDSXX:4:2628:24397:28776	NS_vRNA	270	838
A00953:39:HTJFGDSXX:4:2651:20057:2002	NS_vRNA	741	759
A00953:39:HTJFGDSXX:4:2651:10348:32127	NS_vRNA	311	352
A00953:39:HTJFGDSXX:4:2652:9878:25708	NS_vRNA	724	798
A00953:39:HTJFGDSXX:4:1118:21712:36464	NS_vRNA	294	728
A00953:39:HTJFGDSXX:4:1119:24740:26710	NS_vRNA	283	602
A00953:39:HTJFGDSXX:4:1120:25825:35665	NS_vRNA	656	734
A00953:39:HTJFGDSXX:4:1147:1298:29982	NS_vRNA	289	322
A00953:39:HTJFGDSXX:4:1148:18448:34381	NS_vRNA	769	827
A00953:39:HTJFGDSXX:4:1231:31367:8061	NS_vRNA	365	838
A00953:39:HTJFGDSXX:4:1231:11234:11459	NS_vRNA	291	695
A00953:39:HTJFGDSXX:4:1231:11496:11913	NS_vRNA	291	695
A00953:39:HTJFGDSXX:4:1233:9118:5885	NS_vRNA	346	849
A00953:39:HTJFGDSXX:4:1234:10529:3693	NS_vRNA	197	757
A00953:39:HTJFGDSXX:4:1261:7084:13573	NS_vRNA	319	676
A00953:39:HTJFGDSXX:4:1339:30535:25347	NS_vRNA	230	704
A00953:39:HTJFGDSXX:4:1362:29586:36072	NS_vRNA	301	418
A00953:39:HTJFGDSXX:4:1363:12915:11929	NS_vRNA	182	798
A00953:39:HTJFGDSXX:4:1363:8883:34757	NS_vRNA	613	638
A00953:39:HTJFGDSXX:4:1415:4761:6449	NS_vRNA	572	849
A00953:39:HTJFGDSXX:4:1415:16387:10708	NS_vRNA	646	689
A00953:39:HTJFGDSXX:4:1415:15501:20541	NS_vRNA	635	659
A00953:39:HTJFGDSXX:4:1444:9706:19680	NS_vRNA	259	679
A00953:39:HTJFGDSXX:4:1468:7663:24064	NS_vRNA	264	774
A00953:39:HTJFGDSXX:4:1547:6741:2957	NS_vRNA	179	729
A00953:39:HTJFGDSXX:4:1602:10257:17065	NS_vRNA	775	823
A00953:39:HTJFGDSXX:4:1602:10239:19883	NS_vRNA	214	634
A00953:39:HTJFGDSXX:4:1602:10104:20275	NS_vRNA	214	634
A00953:39:HTJFGDSXX:4:1602:20437:36104	NS_vRNA	633	649
A00953:39:HTJFGDSXX:4:1628:28348:32393	NS_vRNA	137	819
A00953:39:HTJFGDSXX:4:1629:31702:5321	NS_vRNA	465	840
A00953:39:HTJFGDSXX:4:1629:22978:6245	NS_vRNA	772	803
A00953:39:HTJFGDSXX:4:1629:25753:25394	NS_vRNA	771	825
A00953:39:HTJFGDSXX:4:1630:26747:2159	NS_vRNA	772	803
A00953:39:HTJFGDSXX:4:1650:24126:22044	NS_vRNA	126	504
A00953:39:HTJFGDSXX:4:1651:12771:25300	NS_vRNA	186	730
A00953:39:HTJFGDSXX:4:1651:12219:25535	NS_vRNA	186	730
A00953:39:HTJFGDSXX:4:1651:31042:36370	NS_vRNA	282	771
A00953:39:HTJFGDSXX:4:2103:14326:24048	NS_vRNA	461	783
A00953:39:HTJFGDSXX:4:2129:6244:6950	NS_vRNA	132	736
A00953:39:HTJFGDSXX:4:2129:25093:28980	NS_vRNA	430	450
A00953:39:HTJFGDSXX:4:2131:24017:32816	NS_vRNA	260	649
A00953:39:HTJFGDSXX:4:2213:26630:5212	NS_vRNA	745	761
A00953:39:HTJFGDSXX:4:2214:15763:32017	NS_vRNA	775	827
A00953:39:HTJFGDSXX:4:2238:9815:31454	NS_vRNA	97	122
A00953:39:HTJFGDSXX:4:2240:21929:3991	NS_vRNA	685	820
A00953:39:HTJFGDSXX:4:2240:27109:15593	NS_vRNA	506	554
A00953:39:HTJFGDSXX:4:2276:15311:24784	NS_vRNA	572	849
A00953:39:HTJFGDSXX:4:2323:2908:2769	NS_vRNA	771	825
A00953:39:HTJFGDSXX:4:2325:10818:14372	NS_vRNA	247	675
A00953:39:HTJFGDSXX:4:2325:20157:24878	NS_vRNA	449	500
A00953:39:HTJFGDSXX:4:2351:7120:36245	NS_vRNA	200	719
A00953:39:HTJFGDSXX:4:2352:27615:30342	NS_vRNA	365	651
A00953:39:HTJFGDSXX:4:2354:16568:23296	NS_vRNA	282	480
A00953:39:HTJFGDSXX:4:2406:20464:28510	NS_vRNA	209	781
A00953:39:HTJFGDSXX:4:2461:15971:23265	NS_vRNA	771	825
A00953:39:HTJFGDSXX:4:2464:18502:16157	NS_vRNA	367	401
A00953:39:HTJFGDSXX:4:2464:13123:18771	NS_vRNA	198	807
A00953:39:HTJFGDSXX:4:2538:29405:28714	NS_vRNA	365	838
A00953:39:HTJFGDSXX:4:2538:9191:32127	NS_vRNA	588	631
A00953:39:HTJFGDSXX:4:2539:15347:33144	NS_vRNA	120	610
A00953:39:HTJFGDSXX:4:2541:12228:10300	NS_vRNA	740	776
A00953:39:HTJFGDSXX:4:2576:26377:15358	NS_vRNA	793	824
A00953:39:HTJFGDSXX:4:2577:25256:18145	NS_vRNA	186	647
A00953:39:HTJFGDSXX:4:2656:16694:18662	NS_vRNA	226	676
A00953:39:HTJFGDSXX:4:1105:19976:35430	NS_vRNA	356	648
A00953:39:HTJFGDSXX:4:1105:22562:36965	NS_vRNA	356	648
A00953:39:HTJFGDSXX:4:1140:4182:9204	NS_vRNA	242	589
A00953:39:HTJFGDSXX:4:1140:3965:9236	NS_vRNA	242	589
A00953:39:HTJFGDSXX:4:1140:18276:35744	NS_vRNA	238	686
A00953:39:HTJFGDSXX:4:1169:29857:4476	NS_vRNA	440	626
A00953:39:HTJFGDSXX:4:1170:29658:1908	NS_vRNA	504	523
A00953:39:HTJFGDSXX:4:1240:21893:15515	NS_vRNA	325	526
A00953:39:HTJFGDSXX:4:1240:19705:17487	NS_vRNA	325	526
A00953:39:HTJFGDSXX:4:1240:24216:20541	NS_vRNA	588	650
A00953:39:HTJFGDSXX:4:1266:6406:3818	NS_vRNA	309	652
A00953:39:HTJFGDSXX:4:1319:8323:36949	NS_vRNA	202	716
A00953:39:HTJFGDSXX:4:1345:32579:2769	NS_vRNA	662	691
A00953:39:HTJFGDSXX:4:1346:26286:8625	NS_vRNA	165	687
A00953:39:HTJFGDSXX:4:1377:26874:4288	NS_vRNA	634	647
A00953:39:HTJFGDSXX:4:1421:8079:23625	NS_vRNA	247	675
A00953:39:HTJFGDSXX:4:1422:6668:6245	NS_vRNA	803	822
A00953:39:HTJFGDSXX:4:1422:8015:32941	NS_vRNA	365	838
A00953:39:HTJFGDSXX:4:1423:17255:16532	NS_vRNA	356	661
A00953:39:HTJFGDSXX:4:1424:2320:18537	NS_vRNA	139	702
A00953:39:HTJFGDSXX:4:1452:18439:23876	NS_vRNA	219	731
A00953:39:HTJFGDSXX:4:1506:8612:20791	NS_vRNA	55	679
A00953:39:HTJFGDSXX:4:1509:25355:3537	NS_vRNA	751	787
A00953:39:HTJFGDSXX:4:1530:29677:14497	NS_vRNA	556	626
A00953:39:HTJFGDSXX:4:1530:5837:27790	NS_vRNA	340	789
A00953:39:HTJFGDSXX:4:1531:26802:25801	NS_vRNA	219	740
A00953:39:HTJFGDSXX:4:1533:20446:16360	NS_vRNA	457	488
A00953:39:HTJFGDSXX:4:1561:12780:18082	NS_vRNA	172	806
A00953:39:HTJFGDSXX:4:1562:21115:14418	NS_vRNA	676	716
A00953:39:HTJFGDSXX:4:1564:5846:18004	NS_vRNA	686	712
A00953:39:HTJFGDSXX:4:1606:11306:5259	NS_vRNA	745	761
A00953:39:HTJFGDSXX:4:1634:11478:32080	NS_vRNA	572	849
A00953:39:HTJFGDSXX:4:2115:23366:21887	NS_vRNA	135	614
A00953:39:HTJFGDSXX:4:2116:10990:22467	NS_vRNA	399	634
A00953:39:HTJFGDSXX:4:2117:5719:16564	NS_vRNA	160	729
A00953:39:HTJFGDSXX:4:2146:11306:10958	NS_vRNA	309	513
A00953:39:HTJFGDSXX:4:2168:19117:33191	NS_vRNA	166	690
A00953:39:HTJFGDSXX:4:2219:30120:36401	NS_vRNA	572	849
A00953:39:HTJFGDSXX:4:2222:26630:8876	NS_vRNA	373	554
A00953:39:HTJFGDSXX:4:2222:27109:9643	NS_vRNA	373	554
A00953:39:HTJFGDSXX:4:2222:26612:9752	NS_vRNA	373	554
A00953:39:HTJFGDSXX:4:2258:11659:1454	NS_vRNA	199	615
A00953:39:HTJFGDSXX:4:2260:28375:10895	NS_vRNA	618	662
A00953:39:HTJFGDSXX:4:2303:29523:12289	NS_vRNA	412	565
A00953:39:HTJFGDSXX:4:2303:28872:12633	NS_vRNA	412	565
A00953:39:HTJFGDSXX:4:2327:9335:12273	NS_vRNA	581	840
A00953:39:HTJFGDSXX:4:2329:23637:6856	NS_vRNA	339	842
A00953:39:HTJFGDSXX:4:2329:23900:9345	NS_vRNA	339	842
A00953:39:HTJFGDSXX:4:2362:23845:35149	NS_vRNA	130	719
A00953:39:HTJFGDSXX:4:2365:24306:35947	NS_vRNA	239	703
A00953:39:HTJFGDSXX:4:2412:11134:13260	NS_vRNA	759	794
A00953:39:HTJFGDSXX:4:2446:14615:18850	NS_vRNA	772	824
A00953:39:HTJFGDSXX:4:2446:15185:18991	NS_vRNA	772	824
A00953:39:HTJFGDSXX:4:2554:24921:28181	NS_vRNA	351	387
A00953:39:HTJFGDSXX:4:2555:23502:10285	NS_vRNA	217	672
A00953:39:HTJFGDSXX:4:2578:5746:30107	NS_vRNA	163	785
A00953:39:HTJFGDSXX:4:2603:22571:16564	NS_vRNA	258	444
A00953:39:HTJFGDSXX:4:2634:5846:21292	NS_vRNA	781	825
A00953:39:HTJFGDSXX:4:2659:30933:12101	NS_vRNA	775	827
A00953:39:HTJFGDSXX:4:2661:15700:19257	NS_vRNA	807	825
A00953:39:HTJFGDSXX:4:1128:4924:2159	NS_vRNA	289	312
A00953:39:HTJFGDSXX:4:1150:18258:5963	NS_vRNA	548	617
A00953:39:HTJFGDSXX:4:1152:17345:32972	NS_vRNA	636	739
A00953:39:HTJFGDSXX:4:1178:26847:35023	NS_vRNA	739	763
A00953:39:HTJFGDSXX:4:1242:26422:29277	NS_vRNA	309	513
A00953:39:HTJFGDSXX:4:1243:32289:9627	NS_vRNA	293	626
A00953:39:HTJFGDSXX:4:1243:7021:21324	NS_vRNA	772	824
A00953:39:HTJFGDSXX:4:1270:3739:7122	NS_vRNA	117	200
A00953:39:HTJFGDSXX:4:1272:7907:10927	NS_vRNA	200	562
A00953:39:HTJFGDSXX:4:1316:4273:5478	NS_vRNA	787	823
A00953:39:HTJFGDSXX:4:1317:11749:2988	NS_vRNA	233	716
A00953:39:HTJFGDSXX:4:1318:15745:29543	NS_vRNA	378	490
A00953:39:HTJFGDSXX:4:1427:25364:5713	NS_vRNA	743	780
A00953:39:HTJFGDSXX:4:1427:18647:7138	NS_vRNA	297	730
A00953:39:HTJFGDSXX:4:1427:27272:11459	NS_vRNA	743	780
A00953:39:HTJFGDSXX:4:1427:10447:16642	NS_vRNA	247	675
A00953:39:HTJFGDSXX:4:1428:19054:13260	NS_vRNA	288	612
A00953:39:HTJFGDSXX:4:1454:8124:8516	NS_vRNA	407	519
A00953:39:HTJFGDSXX:4:1455:13774:12821	NS_vRNA	220	781
A00953:39:HTJFGDSXX:4:1474:28293:6934	NS_vRNA	781	816
A00953:39:HTJFGDSXX:4:1474:28592:7701	NS_vRNA	781	816
A00953:39:HTJFGDSXX:4:1528:21748:21339	NS_vRNA	790	824
A00953:39:HTJFGDSXX:4:1529:17463:3020	NS_vRNA	805	866
A00953:39:HTJFGDSXX:4:1636:28293:33677	NS_vRNA	155	366
A00953:39:HTJFGDSXX:4:1657:23755:25817	NS_vRNA	339	842
A00953:39:HTJFGDSXX:4:1658:18792:21574	NS_vRNA	310	647
A00953:39:HTJFGDSXX:4:1659:11406:24533	NS_vRNA	784	805
A00953:39:HTJFGDSXX:4:2110:8278:11913	NS_vRNA	572	849
A00953:39:HTJFGDSXX:4:2139:13051:2863	NS_vRNA	310	575
A00953:39:HTJFGDSXX:4:2172:10755:15076	NS_vRNA	338	419
A00953:39:HTJFGDSXX:4:2224:6198:5588	NS_vRNA	741	758
A00953:39:HTJFGDSXX:4:2305:23068:5588	NS_vRNA	292	729
A00953:39:HTJFGDSXX:4:2305:19623:10895	NS_vRNA	624	651
A00953:39:HTJFGDSXX:4:2306:9028:1094	NS_vRNA	259	675
A00953:39:HTJFGDSXX:4:2308:5990:11710	NS_vRNA	486	523
A00953:39:HTJFGDSXX:4:2308:5882:12054	NS_vRNA	486	523
A00953:39:HTJFGDSXX:4:2333:5421:32017	NS_vRNA	365	838
A00953:39:HTJFGDSXX:4:2359:27100:36464	NS_vRNA	286	688
A00953:39:HTJFGDSXX:4:2360:16278:2378	NS_vRNA	775	827
A00953:39:HTJFGDSXX:4:2415:15031:4038	NS_vRNA	215	851
A00953:39:HTJFGDSXX:4:2415:26892:30843	NS_vRNA	153	660
A00953:39:HTJFGDSXX:4:2417:26603:18693	NS_vRNA	197	757
A00953:39:HTJFGDSXX:4:2417:15239:19460	NS_vRNA	309	513
A00953:39:HTJFGDSXX:4:2436:32353:22545	NS_vRNA	772	824
A00953:39:HTJFGDSXX:4:2437:5638:21684	NS_vRNA	616	635
A00953:39:HTJFGDSXX:4:2472:25798:35430	NS_vRNA	219	733
A00953:39:HTJFGDSXX:4:2473:2121:21480	NS_vRNA	247	675
A00953:39:HTJFGDSXX:4:2523:29396:17143	NS_vRNA	165	687
A00953:39:HTJFGDSXX:4:2526:30445:13636	NS_vRNA	282	779
A00953:39:HTJFGDSXX:4:2550:15329:34961	NS_vRNA	758	825
A00953:39:HTJFGDSXX:4:2604:15176:11522	NS_vRNA	216	694
A00953:39:HTJFGDSXX:4:2604:4634:17378	NS_vRNA	258	444
A00953:39:HTJFGDSXX:4:2629:26847:14826	NS_vRNA	771	825
A00953:39:HTJFGDSXX:4:2663:32497:26710	NS_vRNA	637	653
A00953:39:HTJFGDSXX:4:2664:32814:15170	NS_vRNA	146	616
A00953:39:HTJFGDSXX:4:1154:18376:12367	NS_vRNA	658	684
A00953:39:HTJFGDSXX:4:1155:17418:1626	NS_vRNA	624	652
A00953:39:HTJFGDSXX:4:1155:7419:34914	NS_vRNA	572	849
A00953:39:HTJFGDSXX:4:1156:28546:7310	NS_vRNA	337	800
A00953:39:HTJFGDSXX:4:1205:10574:31391	NS_vRNA	338	349
A00953:39:HTJFGDSXX:4:1252:28004:2487	NS_vRNA	261	509
A00953:39:HTJFGDSXX:4:1252:15664:24142	NS_vRNA	766	826
A00953:39:HTJFGDSXX:4:1252:15067:24612	NS_vRNA	766	826
A00953:39:HTJFGDSXX:4:1253:7012:5776	NS_vRNA	791	824
A00953:39:HTJFGDSXX:4:1277:16776:18771	NS_vRNA	186	647
A00953:39:HTJFGDSXX:4:1401:18756:7106	NS_vRNA	572	849
A00953:39:HTJFGDSXX:4:1402:5475:25347	NS_vRNA	777	805
A00953:39:HTJFGDSXX:4:1403:4453:14309	NS_vRNA	416	447
A00953:39:HTJFGDSXX:4:1403:30120:30671	NS_vRNA	288	308
A00953:39:HTJFGDSXX:4:1459:4029:33552	NS_vRNA	601	636
A00953:39:HTJFGDSXX:4:1462:6958:36965	NS_vRNA	150	634
A00953:39:HTJFGDSXX:4:1535:15899:16438	NS_vRNA	775	823
A00953:39:HTJFGDSXX:4:1536:5041:16830	NS_vRNA	365	531
A00953:39:HTJFGDSXX:4:1560:8386:16016	NS_vRNA	264	774
A00953:39:HTJFGDSXX:4:1618:19434:24064	NS_vRNA	360	526
A00953:39:HTJFGDSXX:4:1619:14000:3380	NS_vRNA	791	806
A00953:39:HTJFGDSXX:4:1641:21034:2597	NS_vRNA	691	750
A00953:39:HTJFGDSXX:4:1665:5312:35399	NS_vRNA	247	675
A00953:39:HTJFGDSXX:4:2122:2383:18677	NS_vRNA	264	774
A00953:39:HTJFGDSXX:4:2122:2374:18756	NS_vRNA	264	774
A00953:39:HTJFGDSXX:4:2122:12075:19867	NS_vRNA	656	734
A00953:39:HTJFGDSXX:4:2147:16152:32158	NS_vRNA	302	685
A00953:39:HTJFGDSXX:4:2207:18484:19883	NS_vRNA	772	824
A00953:39:HTJFGDSXX:4:2227:8621:15139	NS_vRNA	215	562
A00953:39:HTJFGDSXX:4:2230:28917:23516	NS_vRNA	709	769
A00953:39:HTJFGDSXX:4:2255:16034:26068	NS_vRNA	307	645
A00953:39:HTJFGDSXX:4:2255:16161:27101	NS_vRNA	307	645
A00953:39:HTJFGDSXX:4:2312:26901:9784	NS_vRNA	780	806
A00953:39:HTJFGDSXX:4:2339:14389:34491	NS_vRNA	496	626
A00953:39:HTJFGDSXX:4:2339:12816:34835	NS_vRNA	496	626
A00953:39:HTJFGDSXX:4:2366:10710:36730	NS_vRNA	664	832
A00953:39:HTJFGDSXX:4:2447:28971:15405	NS_vRNA	772	803
A00953:39:HTJFGDSXX:4:2507:14199:4852	NS_vRNA	469	790
A00953:39:HTJFGDSXX:4:2530:19171:30530	NS_vRNA	230	674
A00953:39:HTJFGDSXX:4:2556:18936:10614	NS_vRNA	767	791
A00953:39:HTJFGDSXX:4:2556:20003:11835	NS_vRNA	767	791
A00953:39:HTJFGDSXX:4:2557:8919:31156	NS_vRNA	485	540
A00953:39:HTJFGDSXX:4:2557:15275:35368	NS_vRNA	200	719
A00953:39:HTJFGDSXX:4:2559:23231:21402	NS_vRNA	734	761
A00953:39:HTJFGDSXX:4:2611:29315:30780	NS_vRNA	335	616
A00953:39:HTJFGDSXX:4:2614:8594:1595	NS_vRNA	199	261
A00953:39:HTJFGDSXX:4:2614:8097:1924	NS_vRNA	199	261
A00953:39:HTJFGDSXX:4:2614:30490:17754	NS_vRNA	337	800
A00953:39:HTJFGDSXX:4:2639:9353:21950	NS_vRNA	123	160
A00953:39:HTJFGDSXX:4:2639:10474:21950	NS_vRNA	123	160
A00953:39:HTJFGDSXX:4:2676:7789:19774	NS_vRNA	310	649
A00953:39:HTJFGDSXX:4:1225:25256:20901	NS_vRNA	161	773
A00953:39:HTJFGDSXX:4:1225:25084:21887	NS_vRNA	161	773
A00953:39:HTJFGDSXX:4:1227:31964:18239	NS_vRNA	100	722
A00953:39:HTJFGDSXX:4:1248:22164:25473	NS_vRNA	187	201
A00953:39:HTJFGDSXX:4:1248:1316:31485	NS_vRNA	261	509
A00953:39:HTJFGDSXX:4:1248:26313:34538	NS_vRNA	636	739
A00953:39:HTJFGDSXX:4:1249:16333:6605	NS_vRNA	136	781
A00953:39:HTJFGDSXX:4:1249:19506:20525	NS_vRNA	347	574
A00953:39:HTJFGDSXX:4:1249:15257:25160	NS_vRNA	790	824
A00953:39:HTJFGDSXX:4:1250:15338:35070	NS_vRNA	486	564
A00953:39:HTJFGDSXX:4:1273:10456:5228	NS_vRNA	425	446
A00953:39:HTJFGDSXX:4:1273:15609:15624	NS_vRNA	223	702
A00953:39:HTJFGDSXX:4:1274:27896:13228	NS_vRNA	757	803
A00953:39:HTJFGDSXX:4:1408:17915:33332	NS_vRNA	690	741
A00953:39:HTJFGDSXX:4:1410:25762:6183	NS_vRNA	294	708
A00953:39:HTJFGDSXX:4:1410:20401:32095	NS_vRNA	310	772
A00953:39:HTJFGDSXX:4:1433:16975:13792	NS_vRNA	258	444
A00953:39:HTJFGDSXX:4:1456:27751:27226	NS_vRNA	457	488
A00953:39:HTJFGDSXX:4:1456:19904:33458	NS_vRNA	653	682
A00953:39:HTJFGDSXX:4:1458:23683:29136	NS_vRNA	365	838
A00953:39:HTJFGDSXX:4:1459:27416:7670	NS_vRNA	696	753
A00953:39:HTJFGDSXX:4:1543:2718:26866	NS_vRNA	262	612
A00953:39:HTJFGDSXX:4:1573:31584:5368	NS_vRNA	292	729
A00953:39:HTJFGDSXX:4:1573:28962:34021	NS_vRNA	202	716
A00953:39:HTJFGDSXX:4:1622:17508:36605	NS_vRNA	772	794
A00953:39:HTJFGDSXX:4:1623:26368:17879	NS_vRNA	287	385
A00953:39:HTJFGDSXX:4:1644:15067:7044	NS_vRNA	457	488
A00953:39:HTJFGDSXX:4:1674:1226:18959	NS_vRNA	686	838
A00953:39:HTJFGDSXX:4:2118:18810:22514	NS_vRNA	686	701
A00953:39:HTJFGDSXX:4:2118:19045:22608	NS_vRNA	686	701
A00953:39:HTJFGDSXX:4:2119:27688:20071	NS_vRNA	457	488
A00953:39:HTJFGDSXX:4:2158:6479:4319	NS_vRNA	139	788
A00953:39:HTJFGDSXX:4:2211:22788:11177	NS_vRNA	781	812
A00953:39:HTJFGDSXX:4:2212:32108:1861	NS_vRNA	224	705
A00953:39:HTJFGDSXX:4:2234:13051:21339	NS_vRNA	556	626
A00953:39:HTJFGDSXX:4:2234:13105:21809	NS_vRNA	556	626
A00953:39:HTJFGDSXX:4:2235:2437:11130	NS_vRNA	301	690
A00953:39:HTJFGDSXX:4:2264:23628:22153	NS_vRNA	186	647
A00953:39:HTJFGDSXX:4:2264:26793:26944	NS_vRNA	240	678
A00953:39:HTJFGDSXX:4:2265:25201:25848	NS_vRNA	739	807
A00953:39:HTJFGDSXX:4:2309:11125:16814	NS_vRNA	309	513
A00953:39:HTJFGDSXX:4:2375:24460:29168	NS_vRNA	263	663
A00953:39:HTJFGDSXX:4:2454:31702:32002	NS_vRNA	791	824
A00953:39:HTJFGDSXX:4:2455:7066:32988	NS_vRNA	684	727
A00953:39:HTJFGDSXX:4:2456:8142:4883	NS_vRNA	374	547
A00953:39:HTJFGDSXX:4:2456:20202:34820	NS_vRNA	353	623
A00953:39:HTJFGDSXX:4:2503:32443:28620	NS_vRNA	294	728
A00953:39:HTJFGDSXX:4:2529:30273:15624	NS_vRNA	740	774
A00953:39:HTJFGDSXX:4:2529:11966:28510	NS_vRNA	247	675
A00953:39:HTJFGDSXX:4:2530:2736:21230	NS_vRNA	572	851
A00953:39:HTJFGDSXX:4:2669:28239:11099	NS_vRNA	772	824
A00953:39:HTJFGDSXX:4:2670:3920:1924	NS_vRNA	787	825
A00953:39:HTJFGDSXX:4:1129:19669:20149	NS_vRNA	667	716
A00953:39:HTJFGDSXX:4:1131:25093:11099	NS_vRNA	218	770
A00953:39:HTJFGDSXX:4:1131:25446:14591	NS_vRNA	218	770
A00953:39:HTJFGDSXX:4:1132:30237:20384	NS_vRNA	437	527
A00953:39:HTJFGDSXX:4:1207:15212:25019	NS_vRNA	772	824
A00953:39:HTJFGDSXX:4:1207:15004:25254	NS_vRNA	772	824
A00953:39:HTJFGDSXX:4:1207:24858:34240	NS_vRNA	687	703
A00953:39:HTJFGDSXX:4:1208:9742:32675	NS_vRNA	633	650
A00953:39:HTJFGDSXX:4:1208:10167:33004	NS_vRNA	633	650
A00953:39:HTJFGDSXX:4:1223:32443:7420	NS_vRNA	740	776
A00953:39:HTJFGDSXX:4:1223:26594:24158	NS_vRNA	309	513
A00953:39:HTJFGDSXX:4:1223:30608:24784	NS_vRNA	489	654
A00953:39:HTJFGDSXX:4:1224:16278:7294	NS_vRNA	187	636
A00953:39:HTJFGDSXX:4:1246:11831:34475	NS_vRNA	588	650
A00953:39:HTJFGDSXX:4:1247:4345:16438	NS_vRNA	164	745
A00953:39:HTJFGDSXX:4:1248:18629:6167	NS_vRNA	775	827
A00953:39:HTJFGDSXX:4:1304:29225:29684	NS_vRNA	247	675
A00953:39:HTJFGDSXX:4:1304:10890:30530	NS_vRNA	149	738
A00953:39:HTJFGDSXX:4:1305:28375:1031	NS_vRNA	747	760
A00953:39:HTJFGDSXX:4:1358:19723:21684	NS_vRNA	656	734
A00953:39:HTJFGDSXX:4:1358:27688:27085	NS_vRNA	286	688
A00953:39:HTJFGDSXX:4:1406:19443:11553	NS_vRNA	246	706
A00953:39:HTJFGDSXX:4:1407:20925:8171	NS_vRNA	370	555
A00953:39:HTJFGDSXX:4:1465:14552:3803	NS_vRNA	321	635
A00953:39:HTJFGDSXX:4:1511:17644:31923	NS_vRNA	281	535
A00953:39:HTJFGDSXX:4:1512:21893:1892	NS_vRNA	290	718
A00953:39:HTJFGDSXX:4:1537:5656:36746	NS_vRNA	171	661
A00953:39:HTJFGDSXX:4:1538:20283:2707	NS_vRNA	742	781
A00953:39:HTJFGDSXX:4:1539:3540:34084	NS_vRNA	634	702
A00953:39:HTJFGDSXX:4:1565:10447:18051	NS_vRNA	686	712
A00953:39:HTJFGDSXX:4:1612:8929:28792	NS_vRNA	193	677
A00953:39:HTJFGDSXX:4:1612:8992:28839	NS_vRNA	193	677
A00953:39:HTJFGDSXX:4:1646:19551:9643	NS_vRNA	365	838
A00953:39:HTJFGDSXX:4:2176:7355:1892	NS_vRNA	97	122
A00953:39:HTJFGDSXX:4:2178:27046:9909	NS_vRNA	264	774
A00953:39:HTJFGDSXX:4:2178:26449:9972	NS_vRNA	264	774
A00953:39:HTJFGDSXX:4:2261:2826:21418	NS_vRNA	111	792
A00953:39:HTJFGDSXX:4:2262:26042:22795	NS_vRNA	292	659
A00953:39:HTJFGDSXX:4:2263:4282:1799	NS_vRNA	222	687
A00953:39:HTJFGDSXX:4:2263:4616:13777	NS_vRNA	202	716
A00953:39:HTJFGDSXX:4:2263:28935:24330	NS_vRNA	691	812
A00953:39:HTJFGDSXX:4:2264:26115:7701	NS_vRNA	218	635
A00953:39:HTJFGDSXX:4:2264:14217:11177	NS_vRNA	637	653
A00953:39:HTJFGDSXX:4:2318:26106:7560	NS_vRNA	346	849
A00953:39:HTJFGDSXX:4:2342:23430:21120	NS_vRNA	647	678
A00953:39:HTJFGDSXX:4:2344:15429:8234	NS_vRNA	172	806
A00953:39:HTJFGDSXX:4:2373:18349:3677	NS_vRNA	233	523
A00953:39:HTJFGDSXX:4:2373:26919:15671	NS_vRNA	772	803
A00953:39:HTJFGDSXX:4:2427:22218:14074	NS_vRNA	689	788
A00953:39:HTJFGDSXX:4:2451:18240:22842	NS_vRNA	780	807
A00953:39:HTJFGDSXX:4:2476:12093:30608	NS_vRNA	272	748
A00953:39:HTJFGDSXX:4:2477:14796:3662	NS_vRNA	757	803
A00953:39:HTJFGDSXX:4:2477:8576:16219	NS_vRNA	740	776
A00953:39:HTJFGDSXX:4:2477:22806:19695	NS_vRNA	292	729
A00953:39:HTJFGDSXX:4:2501:9833:8625	NS_vRNA	436	629
A00953:39:HTJFGDSXX:4:2534:11234:36072	NS_vRNA	197	757
A00953:39:HTJFGDSXX:4:2535:16721:7467	NS_vRNA	100	722
A00953:39:HTJFGDSXX:4:2561:10221:10426	NS_vRNA	415	612
A00953:39:HTJFGDSXX:4:2562:27706:10895	NS_vRNA	221	732
A00953:39:HTJFGDSXX:4:2640:29279:10582	NS_vRNA	400	436
A00953:39:HTJFGDSXX:4:2643:21594:6355	NS_vRNA	264	774
A00953:39:HTJFGDSXX:4:1109:27425:28886	NS_vRNA	759	775
A00953:39:HTJFGDSXX:4:1134:28004:8124	NS_vRNA	307	645
A00953:39:HTJFGDSXX:4:1162:22607:12868	NS_vRNA	543	587
A00953:39:HTJFGDSXX:4:1162:27154:30295	NS_vRNA	267	682
A00953:39:HTJFGDSXX:4:1163:5710:23876	NS_vRNA	720	730
A00953:39:HTJFGDSXX:4:1163:5330:25598	NS_vRNA	720	730
A00953:39:HTJFGDSXX:4:1211:15727:31234	NS_vRNA	202	241
A00953:39:HTJFGDSXX:4:1213:7609:6840	NS_vRNA	244	636
A00953:39:HTJFGDSXX:4:1213:10303:11193	NS_vRNA	791	824
A00953:39:HTJFGDSXX:4:1229:22887:15264	NS_vRNA	144	721
A00953:39:HTJFGDSXX:4:1229:32714:26396	NS_vRNA	290	825
A00953:39:HTJFGDSXX:4:1231:32886:2863	NS_vRNA	244	283
A00953:39:HTJFGDSXX:4:1231:14534:7780	NS_vRNA	309	703
A00953:39:HTJFGDSXX:4:1309:6216:10598	NS_vRNA	356	520
A00953:39:HTJFGDSXX:4:1309:30743:34131	NS_vRNA	365	838
A00953:39:HTJFGDSXX:4:1311:17788:25723	NS_vRNA	365	838
A00953:39:HTJFGDSXX:4:1365:25925:24784	NS_vRNA	673	692
A00953:39:HTJFGDSXX:4:1413:18295:6402	NS_vRNA	618	662
A00953:39:HTJFGDSXX:4:1436:13422:12994	NS_vRNA	772	825
A00953:39:HTJFGDSXX:4:1438:1777:22889	NS_vRNA	321	425
A00953:39:HTJFGDSXX:4:1515:9923:23281	NS_vRNA	62	748
A00953:39:HTJFGDSXX:4:1516:15266:10520	NS_vRNA	365	838
A00953:39:HTJFGDSXX:4:1549:23330:13808	NS_vRNA	686	701
A00953:39:HTJFGDSXX:4:1615:27651:1125	NS_vRNA	151	723
A00953:39:HTJFGDSXX:4:1615:22968:1783	NS_vRNA	685	716
A00953:39:HTJFGDSXX:4:1615:23086:1892	NS_vRNA	685	716
A00953:39:HTJFGDSXX:4:1616:8567:10974	NS_vRNA	306	597
A00953:39:HTJFGDSXX:4:1616:10438:23672	NS_vRNA	572	849
A00953:39:HTJFGDSXX:4:1653:5502:3004	NS_vRNA	281	589
A00953:39:HTJFGDSXX:4:1654:29423:28369	NS_vRNA	240	678
A00953:39:HTJFGDSXX:4:2102:15356:8797	NS_vRNA	230	715
A00953:39:HTJFGDSXX:4:2102:20591:9846	NS_vRNA	216	674
A00953:39:HTJFGDSXX:4:2134:16125:15013	NS_vRNA	465	840
A00953:39:HTJFGDSXX:4:2156:22535:1752	NS_vRNA	200	719
A00953:39:HTJFGDSXX:4:2204:18439:34773	NS_vRNA	804	853
A00953:39:HTJFGDSXX:4:2243:5611:36886	NS_vRNA	286	688
A00953:39:HTJFGDSXX:4:2244:5358:1000	NS_vRNA	286	688
A00953:39:HTJFGDSXX:4:2245:12924:36057	NS_vRNA	186	738
A00953:39:HTJFGDSXX:4:2320:5728:1767	NS_vRNA	202	716
A00953:39:HTJFGDSXX:4:2320:3134:5572	NS_vRNA	247	675
A00953:39:HTJFGDSXX:4:2320:3893:8985	NS_vRNA	686	711
A00953:39:HTJFGDSXX:4:2320:4282:9439	NS_vRNA	686	711
A00953:39:HTJFGDSXX:4:2351:13783:4539	NS_vRNA	235	262
A00953:39:HTJFGDSXX:4:2351:13801:4539	NS_vRNA	235	262
A00953:39:HTJFGDSXX:4:2351:6460:34162	NS_vRNA	200	719
A00953:39:HTJFGDSXX:4:2459:18774:7701	NS_vRNA	592	820
A00953:39:HTJFGDSXX:4:2459:18584:7811	NS_vRNA	592	820
A00953:39:HTJFGDSXX:4:2541:30852:26960	NS_vRNA	292	729
A00953:39:HTJFGDSXX:4:2542:22327:35086	NS_vRNA	290	718
A00953:39:HTJFGDSXX:4:2544:32579:36620	NS_vRNA	365	838
A00953:39:HTJFGDSXX:4:2567:15157:13275	NS_vRNA	259	830
A00953:39:HTJFGDSXX:4:2620:27959:7921	NS_vRNA	646	782
A00953:39:HTJFGDSXX:4:2647:21404:25880	NS_vRNA	150	752
A00953:39:HTJFGDSXX:4:2648:27326:20196	NS_vRNA	307	550
A00953:39:HTJFGDSXX:4:2673:12066:30718	NS_vRNA	310	647
A00953:39:HTJFGDSXX:4:2675:6388:6856	NS_vRNA	686	854
