segment	fivePrime_1	threePrime_1	fivePrime_2	threePrime_2	counts
M_vRNA	426	643	690	1019	1
M_vRNA	592	625	690	1019	2
NA_vRNA	51	87	113	1329	1
NA_vRNA	51	87	195	1257	9
NA_vRNA	70	84	281	1185	58
NA_vRNA	70	84	294	1163	1
NA_vRNA	70	196	307	1200	26
NA_vRNA	70	196	1296	1327	36
NA_vRNA	80	1071	1101	1256	115
NA_vRNA	80	1071	1325	1338	18
NA_vRNA	84	206	308	1077	13
NA_vRNA	84	206	363	1327	2
NA_vRNA	84	206	1193	1229	2
NA_vRNA	86	102	187	1258	66
NA_vRNA	86	102	1296	1327	79
NA_vRNA	86	173	343	1331	22
NA_vRNA	86	403	492	517	5
NA_vRNA	86	1077	1121	1258	3
NA_vRNA	90	100	387	1250	1
NA_vRNA	91	201	353	1345	3
NA_vRNA	92	126	157	308	13
NA_vRNA	92	126	333	1188	5
NA_vRNA	92	126	1224	1258	6
NA_vRNA	92	126	1304	1378	5
NA_vRNA	92	993	1071	1125	20
NA_vRNA	92	993	1222	1318	9
NA_vRNA	92	1254	1325	1338	26
NA_vRNA	101	614	655	807	44
NA_vRNA	101	614	904	1345	18
NA_vRNA	124	1194	1325	1338	1
NA_vRNA	141	1173	1221	1240	8
NA_vRNA	141	1173	1273	1344	7
NA_vRNA	150	993	1029	1069	266
NA_vRNA	150	1224	1296	1327	6
NA_vRNA	157	308	333	1188	13
NA_vRNA	157	308	1224	1258	12
NA_vRNA	157	308	1304	1378	7
NA_vRNA	167	236	306	1258	13
NA_vRNA	182	1307	1320	1351	1
NA_vRNA	187	1258	1296	1327	137
NA_vRNA	194	1286	1296	1327	1
NA_vRNA	195	1055	1115	1144	21
NA_vRNA	195	1055	1248	1327	2
NA_vRNA	195	1257	1322	1378	2
NA_vRNA	196	1227	1296	1327	1
NA_vRNA	200	1225	1296	1327	83
NA_vRNA	203	1109	1287	1323	5
NA_vRNA	203	1178	1314	1327	1
NA_vRNA	204	236	381	1071	101
NA_vRNA	204	236	1317	1326	48
NA_vRNA	204	506	833	1225	1
NA_vRNA	204	1144	1229	1308	10
NA_vRNA	204	1224	1289	1327	18
NA_vRNA	204	1224	1295	1318	51
NA_vRNA	204	1249	1298	1326	5
NA_vRNA	213	1304	1322	1376	1
NA_vRNA	216	1223	1289	1327	4
NA_vRNA	216	1223	1295	1318	9
NA_vRNA	275	288	308	1230	7
NA_vRNA	300	315	458	1073	2
NA_vRNA	301	1077	1129	1256	2
NA_vRNA	301	1077	1316	1338	1
NA_vRNA	307	1130	1194	1245	30
NA_vRNA	307	1130	1284	1305	12
NA_vRNA	307	1200	1296	1327	53
NA_vRNA	308	383	490	1323	7
NA_vRNA	308	1077	1193	1229	1
NA_vRNA	333	1188	1224	1258	10
NA_vRNA	333	1188	1304	1378	6
NA_vRNA	337	1229	1344	1372	2
NA_vRNA	381	1071	1317	1326	48
NA_vRNA	428	466	555	1364	23
NA_vRNA	492	517	586	1071	2
NA_vRNA	655	807	904	1345	21
NA_vRNA	1071	1125	1222	1318	7
NA_vRNA	1101	1256	1325	1338	20
NA_vRNA	1115	1144	1248	1327	4
NA_vRNA	1129	1256	1316	1338	3
NA_vRNA	1194	1245	1284	1305	56
NA_vRNA	1221	1240	1273	1344	8
NA_vRNA	1222	1258	1316	1338	1
NA_vRNA	1224	1258	1304	1378	11
NA_vRNA	1224	1258	1322	1376	4
NP_vRNA	83	325	378	1461	1
NP_vRNA	210	272	310	1285	1
NP_vRNA	576	1069	1134	1151	25
PA_vRNA	39	261	290	2031	1
PA_vRNA	39	261	334	2030	1
PA_vRNA	53	2043	2099	2124	1
PA_vRNA	53	2043	2131	2144	1
PA_vRNA	56	329	417	1953	1
PA_vRNA	63	1969	1993	2052	1
PA_vRNA	65	1966	2051	2073	1
PA_vRNA	68	143	159	1976	1
PA_vRNA	68	143	161	1939	1
PA_vRNA	68	143	259	2084	1
PA_vRNA	69	315	317	2073	1
PA_vRNA	69	315	320	1973	2
PA_vRNA	69	315	333	2032	1
PA_vRNA	69	315	339	2000	1
PA_vRNA	72	262	274	2087	1
PA_vRNA	72	262	275	299	3
PA_vRNA	72	262	275	2050	1
PA_vRNA	72	262	275	2083	1
PA_vRNA	72	262	276	2007	1
PA_vRNA	72	262	278	312	1
PA_vRNA	72	262	278	2052	2
PA_vRNA	72	262	283	2048	2
PA_vRNA	72	262	283	2052	3
PA_vRNA	72	262	283	2053	2
PA_vRNA	72	262	284	1919	4
PA_vRNA	72	262	284	2140	7
PA_vRNA	72	262	285	2022	1
PA_vRNA	72	262	285	2025	2
PA_vRNA	72	262	285	2028	9
PA_vRNA	72	262	285	2032	1
PA_vRNA	72	262	285	2074	1
PA_vRNA	72	262	286	1992	4
PA_vRNA	72	262	286	1995	1
PA_vRNA	72	262	286	2021	16
PA_vRNA	72	262	286	2036	1
PA_vRNA	72	262	286	2045	25
PA_vRNA	72	262	289	1640	1
PA_vRNA	72	262	289	2022	7
PA_vRNA	72	262	289	2044	9
PA_vRNA	72	262	290	2002	1
PA_vRNA	72	262	290	2031	78
PA_vRNA	72	262	290	2041	36
PA_vRNA	72	262	290	2051	97
PA_vRNA	72	262	290	2056	12
PA_vRNA	72	262	291	1939	166
PA_vRNA	72	262	291	1954	1
PA_vRNA	72	262	291	1962	1
PA_vRNA	72	262	291	1978	20
PA_vRNA	72	262	291	2020	3
PA_vRNA	72	262	291	2029	3
PA_vRNA	72	262	291	2041	1
PA_vRNA	72	262	291	2046	7
PA_vRNA	72	262	291	2062	1
PA_vRNA	72	262	292	2006	48
PA_vRNA	72	262	292	2033	1
PA_vRNA	72	262	292	2034	1
PA_vRNA	72	262	292	2039	1
PA_vRNA	72	262	292	2041	1
PA_vRNA	72	262	292	2051	1
PA_vRNA	72	262	293	1458	147
PA_vRNA	72	262	293	1887	2
PA_vRNA	72	262	293	1965	1
PA_vRNA	72	262	293	1996	1
PA_vRNA	72	262	293	1998	3
PA_vRNA	72	262	293	2004	8
PA_vRNA	72	262	293	2010	1
PA_vRNA	72	262	293	2028	2
PA_vRNA	72	262	293	2033	1
PA_vRNA	72	262	293	2046	1
PA_vRNA	72	262	293	2049	2
PA_vRNA	72	262	293	2058	49
PA_vRNA	72	262	293	2060	1
PA_vRNA	72	262	293	2108	5
PA_vRNA	72	262	294	1856	3
PA_vRNA	72	262	294	1915	8
PA_vRNA	72	262	294	2007	15
PA_vRNA	72	262	294	2009	8
PA_vRNA	72	262	294	2026	7
PA_vRNA	72	262	294	2042	15
PA_vRNA	72	262	294	2044	1
PA_vRNA	72	262	294	2049	4
PA_vRNA	72	262	294	2052	2
PA_vRNA	72	262	294	2054	1
PA_vRNA	72	262	294	2055	222
PA_vRNA	72	262	294	2057	13
PA_vRNA	72	262	294	2064	1
PA_vRNA	72	262	294	2065	2
PA_vRNA	72	262	294	2073	1
PA_vRNA	72	262	294	2076	1
PA_vRNA	72	262	294	2090	1
PA_vRNA	72	262	294	2106	1
PA_vRNA	72	262	295	1829	1
PA_vRNA	72	262	295	1893	35
PA_vRNA	72	262	295	1958	1
PA_vRNA	72	262	295	1960	4
PA_vRNA	72	262	295	2001	1
PA_vRNA	72	262	295	2035	4
PA_vRNA	72	262	296	316	9
PA_vRNA	72	262	296	336	8
PA_vRNA	72	262	296	1740	63
PA_vRNA	72	262	296	1931	8
PA_vRNA	72	262	296	1938	2
PA_vRNA	72	262	296	1961	10
PA_vRNA	72	262	296	1996	10
PA_vRNA	72	262	296	1999	1
PA_vRNA	72	262	296	2009	143
PA_vRNA	72	262	296	2022	13
PA_vRNA	72	262	296	2025	316
PA_vRNA	72	262	296	2032	29
PA_vRNA	72	262	296	2045	9
PA_vRNA	72	262	296	2049	3
PA_vRNA	72	262	296	2052	2
PA_vRNA	72	262	296	2054	358
PA_vRNA	72	262	297	1927	2
PA_vRNA	72	262	297	1960	243
PA_vRNA	72	262	297	1969	5
PA_vRNA	72	262	297	1982	34
PA_vRNA	72	262	297	2014	570
PA_vRNA	72	262	297	2036	21
PA_vRNA	72	262	297	2045	518
PA_vRNA	72	262	297	2048	3
PA_vRNA	72	262	297	2052	3
PA_vRNA	72	262	297	2077	6
PA_vRNA	72	262	298	485	1
PA_vRNA	72	262	298	1876	2
PA_vRNA	72	262	298	1909	18
PA_vRNA	72	262	298	1938	6
PA_vRNA	72	262	298	1953	6
PA_vRNA	72	262	298	1977	8
PA_vRNA	72	262	298	1993	539
PA_vRNA	72	262	298	2009	4
PA_vRNA	72	262	298	2022	4
PA_vRNA	72	262	298	2044	2
PA_vRNA	72	262	298	2058	1
PA_vRNA	72	262	298	2062	3
PA_vRNA	72	262	298	2070	2
PA_vRNA	72	262	299	1945	90
PA_vRNA	72	262	299	2025	4
PA_vRNA	72	262	299	2032	1
PA_vRNA	72	262	299	2043	11
PA_vRNA	72	262	299	2051	3
PA_vRNA	72	262	299	2052	4
PA_vRNA	72	262	299	2055	1
PA_vRNA	72	262	299	2057	1
PA_vRNA	72	262	300	2006	1
PA_vRNA	72	262	300	2043	1
PA_vRNA	72	262	300	2051	2
PA_vRNA	72	262	300	2100	2
PA_vRNA	72	262	301	1849	11
PA_vRNA	72	262	301	1998	45
PA_vRNA	72	262	301	2046	125
PA_vRNA	72	262	301	2077	46
PA_vRNA	72	262	302	361	2
PA_vRNA	72	262	302	1888	2
PA_vRNA	72	262	302	2013	17
PA_vRNA	72	262	302	2020	1
PA_vRNA	72	262	302	2035	41
PA_vRNA	72	262	303	1930	7
PA_vRNA	72	262	303	1996	1
PA_vRNA	72	262	303	1998	2
PA_vRNA	72	262	303	2050	1
PA_vRNA	72	262	303	2052	1
PA_vRNA	72	262	303	2053	1
PA_vRNA	72	262	303	2056	1
PA_vRNA	72	262	303	2064	2
PA_vRNA	72	262	304	342	320
PA_vRNA	72	262	304	1742	2
PA_vRNA	72	262	304	1933	1
PA_vRNA	72	262	304	1999	4
PA_vRNA	72	262	304	2024	4
PA_vRNA	72	262	304	2027	37
PA_vRNA	72	262	304	2030	8
PA_vRNA	72	262	304	2034	329
PA_vRNA	72	262	304	2054	3
PA_vRNA	72	262	304	2057	1
PA_vRNA	72	262	304	2070	56
PA_vRNA	72	262	305	2009	4
PA_vRNA	72	262	305	2048	1
PA_vRNA	72	262	305	2064	3
PA_vRNA	72	262	305	2074	9
PA_vRNA	72	262	306	1932	1
PA_vRNA	72	262	306	1972	35
PA_vRNA	72	262	306	2028	3
PA_vRNA	72	262	306	2038	1
PA_vRNA	72	262	306	2041	1
PA_vRNA	72	262	306	2042	1
PA_vRNA	72	262	306	2049	1
PA_vRNA	72	262	306	2051	1
PA_vRNA	72	262	306	2052	1
PA_vRNA	72	262	306	2054	30
PA_vRNA	72	262	306	2056	72
PA_vRNA	72	262	306	2065	1
PA_vRNA	72	262	306	2073	1
PA_vRNA	72	262	306	2147	5
PA_vRNA	72	262	307	316	2
PA_vRNA	72	262	307	471	693
PA_vRNA	72	262	307	1919	253
PA_vRNA	72	262	307	1941	21
PA_vRNA	72	262	307	1953	16
PA_vRNA	72	262	307	1976	1
PA_vRNA	72	262	307	2001	5
PA_vRNA	72	262	307	2005	1
PA_vRNA	72	262	307	2009	13
PA_vRNA	72	262	307	2021	2
PA_vRNA	72	262	307	2025	894
PA_vRNA	72	262	307	2032	42
PA_vRNA	72	262	307	2052	11
PA_vRNA	72	262	308	1880	6
PA_vRNA	72	262	308	1920	1
PA_vRNA	72	262	308	1995	33
PA_vRNA	72	262	308	2027	1
PA_vRNA	72	262	308	2045	1
PA_vRNA	72	262	309	324	1
PA_vRNA	72	262	309	1958	1
PA_vRNA	72	262	309	2028	1
PA_vRNA	72	262	309	2054	1
PA_vRNA	72	262	309	2063	1
PA_vRNA	72	262	309	2064	3
PA_vRNA	72	262	310	1917	1
PA_vRNA	72	262	310	1945	10
PA_vRNA	72	262	310	1958	20
PA_vRNA	72	262	310	1990	2
PA_vRNA	72	262	310	2039	1
PA_vRNA	72	262	310	2042	1
PA_vRNA	72	262	311	2004	3
PA_vRNA	72	262	311	2019	1
PA_vRNA	72	262	311	2023	3
PA_vRNA	72	262	311	2026	3
PA_vRNA	72	262	311	2051	5
PA_vRNA	72	262	312	1970	2
PA_vRNA	72	262	312	2012	1
PA_vRNA	72	262	312	2038	83
PA_vRNA	72	262	312	2054	1
PA_vRNA	72	262	312	2057	1
PA_vRNA	72	262	312	2074	4
PA_vRNA	72	262	313	1822	3
PA_vRNA	72	262	313	1993	2
PA_vRNA	72	262	313	2006	4
PA_vRNA	72	262	313	2028	7
PA_vRNA	72	262	313	2032	1
PA_vRNA	72	262	313	2039	3
PA_vRNA	72	262	313	2040	1
PA_vRNA	72	262	313	2105	4
PA_vRNA	72	262	314	1991	8
PA_vRNA	72	262	314	1996	1
PA_vRNA	72	262	314	2032	3
PA_vRNA	72	262	314	2058	1
PA_vRNA	72	262	314	2065	1
PA_vRNA	72	262	315	1932	128
PA_vRNA	72	262	315	1956	26
PA_vRNA	72	262	315	2001	1
PA_vRNA	72	262	315	2002	2
PA_vRNA	72	262	315	2014	632
PA_vRNA	72	262	315	2019	5
PA_vRNA	72	262	315	2054	1
PA_vRNA	72	262	316	1926	1145
PA_vRNA	72	262	316	1942	5
PA_vRNA	72	262	316	1962	4
PA_vRNA	72	262	316	1994	2
PA_vRNA	72	262	316	2010	16
PA_vRNA	72	262	316	2023	67
PA_vRNA	72	262	316	2040	1
PA_vRNA	72	262	316	2044	24
PA_vRNA	72	262	316	2076	34
PA_vRNA	72	262	317	1944	1
PA_vRNA	72	262	317	1954	5
PA_vRNA	72	262	317	1960	2
PA_vRNA	72	262	317	1962	1
PA_vRNA	72	262	317	2049	22
PA_vRNA	72	262	317	2057	1
PA_vRNA	72	262	317	2059	1
PA_vRNA	72	262	317	2060	2
PA_vRNA	72	262	317	2073	618
PA_vRNA	72	262	318	1655	32
PA_vRNA	72	262	318	1872	5
PA_vRNA	72	262	318	1918	1
PA_vRNA	72	262	318	1943	2
PA_vRNA	72	262	318	1973	2
PA_vRNA	72	262	318	1995	486
PA_vRNA	72	262	318	1996	1
PA_vRNA	72	262	318	1998	4
PA_vRNA	72	262	318	2001	1
PA_vRNA	72	262	318	2051	14
PA_vRNA	72	262	318	2074	1
PA_vRNA	72	262	318	2086	5
PA_vRNA	72	262	319	1932	1
PA_vRNA	72	262	319	1947	3
PA_vRNA	72	262	319	1969	3
PA_vRNA	72	262	319	2012	1
PA_vRNA	72	262	319	2014	10
PA_vRNA	72	262	319	2036	76
PA_vRNA	72	262	319	2054	1
PA_vRNA	72	262	319	2058	1
PA_vRNA	72	262	319	2065	1
PA_vRNA	72	262	320	1953	3
PA_vRNA	72	262	320	1956	3
PA_vRNA	72	262	320	1961	992
PA_vRNA	72	262	320	1963	2
PA_vRNA	72	262	320	1973	3
PA_vRNA	72	262	320	1977	39
PA_vRNA	72	262	320	1982	2
PA_vRNA	72	262	320	1986	3
PA_vRNA	72	262	320	1988	2
PA_vRNA	72	262	320	2002	34
PA_vRNA	72	262	320	2028	1
PA_vRNA	72	262	320	2049	1
PA_vRNA	72	262	320	2057	1
PA_vRNA	72	262	320	2059	1
PA_vRNA	72	262	320	2082	1
PA_vRNA	72	262	320	2115	1
PA_vRNA	72	262	321	338	2
PA_vRNA	72	262	321	397	1
PA_vRNA	72	262	321	1804	1
PA_vRNA	72	262	321	1825	11
PA_vRNA	72	262	321	1882	5
PA_vRNA	72	262	321	1906	1
PA_vRNA	72	262	321	1960	1
PA_vRNA	72	262	321	1977	154
PA_vRNA	72	262	321	1980	1
PA_vRNA	72	262	321	2007	2
PA_vRNA	72	262	321	2022	686
PA_vRNA	72	262	321	2025	6
PA_vRNA	72	262	321	2051	2
PA_vRNA	72	262	321	2052	41
PA_vRNA	72	262	321	2111	1
PA_vRNA	72	262	322	1869	2
PA_vRNA	72	262	322	1973	2
PA_vRNA	72	262	322	1987	3
PA_vRNA	72	262	322	2021	63
PA_vRNA	72	262	322	2045	19
PA_vRNA	72	262	322	2097	2
PA_vRNA	72	262	323	2085	4
PA_vRNA	72	262	327	1874	2
PA_vRNA	72	262	328	1927	270
PA_vRNA	72	262	328	1972	4
PA_vRNA	72	262	328	1977	2
PA_vRNA	72	262	328	1982	2
PA_vRNA	72	262	328	1994	68
PA_vRNA	72	262	329	1940	5
PA_vRNA	72	262	329	1976	3
PA_vRNA	72	262	329	1979	16
PA_vRNA	72	262	329	1988	393
PA_vRNA	72	262	329	1993	1
PA_vRNA	72	262	329	1999	1
PA_vRNA	72	262	329	2001	2
PA_vRNA	72	262	329	2006	2
PA_vRNA	72	262	329	2022	17
PA_vRNA	72	262	329	2025	3
PA_vRNA	72	262	329	2032	1
PA_vRNA	72	262	329	2051	4
PA_vRNA	72	262	329	2056	7
PA_vRNA	72	262	330	1889	403
PA_vRNA	72	262	330	1960	362
PA_vRNA	72	262	330	1964	3
PA_vRNA	72	262	330	1966	2
PA_vRNA	72	262	330	1987	4
PA_vRNA	72	262	330	2012	171
PA_vRNA	72	262	330	2018	1
PA_vRNA	72	262	330	2021	75
PA_vRNA	72	262	330	2028	1
PA_vRNA	72	262	330	2036	1
PA_vRNA	72	262	330	2045	39
PA_vRNA	72	262	330	2057	42
PA_vRNA	72	262	331	1948	1
PA_vRNA	72	262	331	2053	3
PA_vRNA	72	262	332	2028	1
PA_vRNA	72	262	332	2087	34
PA_vRNA	72	262	333	1729	146
PA_vRNA	72	262	333	1932	113
PA_vRNA	72	262	333	1986	1
PA_vRNA	72	262	333	2012	17
PA_vRNA	72	262	333	2015	1
PA_vRNA	72	262	333	2032	2
PA_vRNA	72	262	333	2054	1
PA_vRNA	72	262	333	2062	67
PA_vRNA	72	262	334	1909	1
PA_vRNA	72	262	334	1923	3
PA_vRNA	72	262	334	1933	4
PA_vRNA	72	262	334	1937	1
PA_vRNA	72	262	334	1941	5
PA_vRNA	72	262	334	1948	1
PA_vRNA	72	262	334	1963	2
PA_vRNA	72	262	334	1971	1
PA_vRNA	72	262	334	1983	3
PA_vRNA	72	262	334	1984	1
PA_vRNA	72	262	334	1997	4
PA_vRNA	72	262	334	2003	1
PA_vRNA	72	262	334	2006	1
PA_vRNA	72	262	334	2009	3
PA_vRNA	72	262	334	2010	1
PA_vRNA	72	262	334	2023	2
PA_vRNA	72	262	334	2025	1
PA_vRNA	72	262	334	2027	14
PA_vRNA	72	262	334	2030	958
PA_vRNA	72	262	334	2032	3
PA_vRNA	72	262	334	2039	12
PA_vRNA	72	262	334	2055	2
PA_vRNA	72	262	334	2069	3
PA_vRNA	72	262	335	1919	2
PA_vRNA	72	262	335	1959	2
PA_vRNA	72	262	335	1974	1
PA_vRNA	72	262	335	1989	6
PA_vRNA	72	262	335	2002	1
PA_vRNA	72	262	335	2013	2
PA_vRNA	72	262	335	2037	2
PA_vRNA	72	262	335	2041	1
PA_vRNA	72	262	336	1951	4
PA_vRNA	72	262	336	2033	1
PA_vRNA	72	262	337	1941	8
PA_vRNA	72	262	339	2000	1
PA_vRNA	72	262	340	1978	22
PA_vRNA	72	262	341	1874	2
PA_vRNA	72	262	343	2159	2
PA_vRNA	72	262	344	355	1
PA_vRNA	72	262	344	1988	1
PA_vRNA	72	262	344	2022	12
PA_vRNA	72	262	344	2025	1
PA_vRNA	72	262	344	2057	7
PA_vRNA	72	262	345	1847	1
PA_vRNA	72	262	345	1992	1
PA_vRNA	72	262	345	2021	517
PA_vRNA	72	262	346	1952	8
PA_vRNA	72	262	346	2111	2
PA_vRNA	72	262	347	1923	1
PA_vRNA	72	262	347	1944	3
PA_vRNA	72	262	347	1954	1
PA_vRNA	72	262	347	1960	2
PA_vRNA	72	262	347	1992	5
PA_vRNA	72	262	347	2001	3
PA_vRNA	72	262	347	2017	2
PA_vRNA	72	262	347	2026	13
PA_vRNA	72	262	348	1802	124
PA_vRNA	72	262	348	1934	3
PA_vRNA	72	262	348	1938	5
PA_vRNA	72	262	348	1960	1
PA_vRNA	72	262	348	1962	24
PA_vRNA	72	262	348	1984	1
PA_vRNA	72	262	348	1988	1
PA_vRNA	72	262	348	2091	2
PA_vRNA	72	262	349	1884	4
PA_vRNA	72	262	349	1961	1
PA_vRNA	72	262	349	1992	5
PA_vRNA	72	262	349	2003	3
PA_vRNA	72	262	349	2028	2
PA_vRNA	72	262	350	1802	2
PA_vRNA	72	262	350	1961	1
PA_vRNA	72	262	350	1974	5
PA_vRNA	72	262	350	1983	1
PA_vRNA	72	262	350	2009	25
PA_vRNA	72	262	350	2025	1
PA_vRNA	72	262	350	2027	1
PA_vRNA	72	262	350	2058	1
PA_vRNA	72	262	351	1930	98
PA_vRNA	72	262	351	1957	1
PA_vRNA	72	262	351	1959	1
PA_vRNA	72	262	351	1961	1
PA_vRNA	72	262	351	1989	1
PA_vRNA	72	262	351	1994	3
PA_vRNA	72	262	351	2030	2
PA_vRNA	72	262	351	2053	4
PA_vRNA	72	262	351	2055	15
PA_vRNA	72	262	351	2073	3
PA_vRNA	72	262	351	2074	1
PA_vRNA	72	262	351	2097	2
PA_vRNA	72	262	352	1895	256
PA_vRNA	72	262	352	1961	6
PA_vRNA	72	262	352	1989	1
PA_vRNA	72	262	352	2005	28
PA_vRNA	72	262	352	2032	2
PA_vRNA	72	262	352	2052	1
PA_vRNA	72	262	352	2073	1
PA_vRNA	72	262	353	1884	5
PA_vRNA	72	262	353	1964	1
PA_vRNA	72	262	353	1973	1
PA_vRNA	72	262	353	1992	18
PA_vRNA	72	262	353	2074	1
PA_vRNA	72	262	353	2093	2
PA_vRNA	72	262	354	1888	1
PA_vRNA	72	262	354	1993	4
PA_vRNA	72	262	354	2012	1
PA_vRNA	72	262	354	2048	16
PA_vRNA	72	262	355	2009	3
PA_vRNA	72	262	355	2066	5
PA_vRNA	72	262	368	1991	3
PA_vRNA	72	262	384	1925	1
PA_vRNA	72	262	389	2021	2
PA_vRNA	72	262	424	1779	1
PA_vRNA	72	262	426	1972	5
PA_vRNA	72	262	443	1823	1
PA_vRNA	72	262	488	584	86
PA_vRNA	72	262	529	609	225
PA_vRNA	72	262	537	2020	1
PA_vRNA	72	262	538	1830	1
PA_vRNA	72	262	577	2024	1
PA_vRNA	72	262	643	1963	164
PA_vRNA	72	262	644	1964	1
PA_vRNA	72	262	729	1790	51
PA_vRNA	72	262	1728	2064	12
PA_vRNA	72	262	1960	2062	15
PA_vRNA	72	262	1968	1995	2
PA_vRNA	72	262	1969	2045	2
PA_vRNA	72	262	1976	2041	14
PA_vRNA	72	262	1991	2003	1
PA_vRNA	72	262	1993	2052	18
PA_vRNA	72	262	2036	2049	2
PA_vRNA	72	262	2051	2073	1
PA_vRNA	72	262	2056	2076	16
PA_vRNA	72	262	2060	2069	1
PA_vRNA	72	262	2062	2077	6
PA_vRNA	72	262	2081	2093	176
PA_vRNA	72	262	2096	2111	1
PA_vRNA	72	262	2096	2112	1
PA_vRNA	72	262	2099	2124	1
PA_vRNA	72	262	2116	2152	6
PA_vRNA	72	262	2131	2144	72
PA_vRNA	72	262	2150	2158	89
PA_vRNA	72	262	2188	2197	2
PA_vRNA	72	2047	2070	2106	2
PA_vRNA	72	2047	2081	2093	28
PA_vRNA	72	2047	2083	2111	1
PA_vRNA	72	2047	2094	2144	3
PA_vRNA	72	2047	2096	2115	1
PA_vRNA	72	2047	2096	2155	1
PA_vRNA	72	2047	2099	2124	36
PA_vRNA	72	2047	2100	2116	2
PA_vRNA	72	2047	2119	2155	3
PA_vRNA	72	2047	2131	2144	15
PA_vRNA	72	2047	2150	2158	26
PA_vRNA	72	2097	2119	2155	2
PA_vRNA	72	2097	2131	2144	29
PA_vRNA	72	2097	2133	2151	8
PA_vRNA	72	2097	2137	2157	2
PA_vRNA	72	2097	2139	2151	3
PA_vRNA	72	2097	2140	2149	78
PA_vRNA	72	2097	2150	2158	411
PA_vRNA	72	2097	2188	2197	102
PA_vRNA	73	1959	2001	2073	23
PA_vRNA	78	227	258	1996	1
PA_vRNA	78	227	2188	2197	1
PA_vRNA	79	237	253	2046	4
PA_vRNA	79	237	286	2021	1
PA_vRNA	79	237	292	2006	1
PA_vRNA	86	256	321	1940	1
PA_vRNA	91	275	307	2025	1
PA_vRNA	91	275	334	2030	1
PA_vRNA	93	320	375	1985	1
PA_vRNA	95	290	297	1960	1
PA_vRNA	96	179	240	2056	1
PA_vRNA	96	179	246	1932	1
PA_vRNA	97	165	168	2087	1
PA_vRNA	97	165	263	2070	2
PA_vRNA	97	165	275	2083	1
PA_vRNA	97	165	290	2041	1
PA_vRNA	97	165	291	2029	1
PA_vRNA	97	165	375	1985	1
PA_vRNA	101	177	297	2014	1
PA_vRNA	101	217	262	2046	2
PA_vRNA	101	217	345	2021	1
PA_vRNA	101	217	410	2002	1
PA_vRNA	105	127	284	2140	2
PA_vRNA	108	177	191	207	1
PA_vRNA	108	177	237	2089	6
PA_vRNA	108	177	240	2056	3
PA_vRNA	108	177	243	262	1
PA_vRNA	108	177	244	2060	1
PA_vRNA	108	177	245	2051	1
PA_vRNA	108	177	245	2064	1
PA_vRNA	108	177	246	1932	1
PA_vRNA	108	177	248	2052	3
PA_vRNA	108	177	252	2035	1
PA_vRNA	108	177	252	2090	1
PA_vRNA	108	177	253	2037	1
PA_vRNA	108	177	253	2047	1
PA_vRNA	108	177	253	2136	2
PA_vRNA	108	177	255	2076	2
PA_vRNA	108	177	255	2091	1
PA_vRNA	108	177	259	2014	1
PA_vRNA	108	177	259	2084	4
PA_vRNA	108	177	261	2089	1
PA_vRNA	108	177	262	2046	4
PA_vRNA	108	177	262	2107	2
PA_vRNA	108	177	263	2070	3
PA_vRNA	108	177	268	1955	1
PA_vRNA	108	177	268	1963	1
PA_vRNA	108	177	275	2083	1
PA_vRNA	108	177	286	2045	1
PA_vRNA	108	177	291	1939	1
PA_vRNA	108	177	291	1978	1
PA_vRNA	108	177	291	2029	4
PA_vRNA	108	177	294	2055	1
PA_vRNA	108	177	296	1740	1
PA_vRNA	108	177	297	2014	1
PA_vRNA	108	177	298	1935	1
PA_vRNA	108	177	298	1993	2
PA_vRNA	108	177	298	2064	1
PA_vRNA	108	177	304	342	1
PA_vRNA	108	177	304	2034	1
PA_vRNA	108	177	309	2015	1
PA_vRNA	108	177	315	2014	1
PA_vRNA	108	177	316	1926	1
PA_vRNA	108	177	317	2073	1
PA_vRNA	108	177	318	1995	3
PA_vRNA	108	177	320	1988	2
PA_vRNA	108	177	329	1988	2
PA_vRNA	108	177	330	1889	1
PA_vRNA	108	177	330	2012	1
PA_vRNA	108	177	330	2021	1
PA_vRNA	108	177	352	1895	1
PA_vRNA	108	177	356	1919	2
PA_vRNA	108	177	370	1884	1
PA_vRNA	108	177	384	1925	1
PA_vRNA	108	177	406	2137	1
PA_vRNA	108	177	433	1915	1
PA_vRNA	108	177	469	1882	1
PA_vRNA	108	177	475	1877	1
PA_vRNA	108	177	476	1864	3
PA_vRNA	108	177	529	609	2
PA_vRNA	108	177	532	1873	1
PA_vRNA	108	177	538	1830	1
PA_vRNA	108	177	618	2137	1
PA_vRNA	108	177	643	1963	2
PA_vRNA	108	177	2081	2093	1
PA_vRNA	108	177	2150	2158	1
PA_vRNA	108	217	261	2126	1
PA_vRNA	108	217	263	2070	2
PA_vRNA	110	170	253	2035	1
PA_vRNA	110	172	297	2014	1
PA_vRNA	113	176	191	207	2
PA_vRNA	113	176	252	2059	1
PA_vRNA	113	176	259	2084	1
PA_vRNA	113	176	318	1995	1
PA_vRNA	113	176	420	2036	1
PA_vRNA	113	320	330	1960	1
PA_vRNA	113	320	333	1932	2
PA_vRNA	114	175	261	2089	1
PA_vRNA	114	175	304	2034	1
PA_vRNA	114	175	2081	2093	1
PA_vRNA	114	176	181	2074	15
PA_vRNA	114	176	183	2023	1
PA_vRNA	114	176	186	2015	3
PA_vRNA	114	176	190	246	2
PA_vRNA	114	176	191	207	4
PA_vRNA	114	176	193	1976	1
PA_vRNA	114	176	195	2016	3
PA_vRNA	114	176	208	1780	2
PA_vRNA	114	176	208	2041	2
PA_vRNA	114	176	230	2107	1
PA_vRNA	114	176	232	1648	1
PA_vRNA	114	176	237	2089	4
PA_vRNA	114	176	245	2051	1
PA_vRNA	114	176	246	1932	4
PA_vRNA	114	176	250	1582	1
PA_vRNA	114	176	250	2003	1
PA_vRNA	114	176	259	2084	1
PA_vRNA	114	176	261	2002	1
PA_vRNA	114	176	262	2046	1
PA_vRNA	114	176	262	2068	1
PA_vRNA	114	176	263	2042	1
PA_vRNA	114	176	263	2070	1
PA_vRNA	114	176	268	1963	1
PA_vRNA	114	176	270	2101	1
PA_vRNA	114	176	274	2087	1
PA_vRNA	114	176	275	2005	3
PA_vRNA	114	176	275	2050	1
PA_vRNA	114	176	275	2051	1
PA_vRNA	114	176	275	2083	1
PA_vRNA	114	176	276	2098	1
PA_vRNA	114	176	290	2031	1
PA_vRNA	114	176	290	2051	1
PA_vRNA	114	176	290	2056	2
PA_vRNA	114	176	291	1939	3
PA_vRNA	114	176	293	1458	1
PA_vRNA	114	176	296	2025	1
PA_vRNA	114	176	298	1993	2
PA_vRNA	114	176	304	342	1
PA_vRNA	114	176	304	2034	1
PA_vRNA	114	176	307	471	3
PA_vRNA	114	176	316	1926	2
PA_vRNA	114	176	317	2073	3
PA_vRNA	114	176	317	2074	2
PA_vRNA	114	176	321	2022	1
PA_vRNA	114	176	328	1927	2
PA_vRNA	114	176	328	1994	2
PA_vRNA	114	176	330	1960	1
PA_vRNA	114	176	330	2012	2
PA_vRNA	114	176	330	2021	1
PA_vRNA	114	176	334	2018	1
PA_vRNA	114	176	339	2000	1
PA_vRNA	114	176	345	2021	2
PA_vRNA	114	176	347	2006	1
PA_vRNA	114	176	370	1884	1
PA_vRNA	114	176	375	1985	1
PA_vRNA	114	176	387	2016	1
PA_vRNA	114	176	405	1815	1
PA_vRNA	114	176	406	2137	3
PA_vRNA	114	176	407	1885	1
PA_vRNA	114	176	433	1915	1
PA_vRNA	114	176	471	1845	1
PA_vRNA	114	176	487	544	1
PA_vRNA	114	176	488	584	1
PA_vRNA	114	176	506	1820	1
PA_vRNA	114	176	508	1868	1
PA_vRNA	114	176	525	2117	1
PA_vRNA	114	176	527	1809	1
PA_vRNA	114	176	529	609	3
PA_vRNA	114	176	532	1873	3
PA_vRNA	114	176	537	1717	2
PA_vRNA	114	176	537	1789	1
PA_vRNA	114	176	538	1823	1
PA_vRNA	114	176	538	1877	1
PA_vRNA	114	176	539	1847	1
PA_vRNA	114	176	634	1699	1
PA_vRNA	114	176	643	1963	2
PA_vRNA	114	176	2040	2146	1
PA_vRNA	115	177	209	2042	1
PA_vRNA	117	186	237	2089	2
PA_vRNA	117	186	307	471	1
PA_vRNA	117	186	433	1915	1
PA_vRNA	117	186	529	609	1
PA_vRNA	118	180	223	2097	1
PA_vRNA	119	341	443	1825	1
PA_vRNA	120	258	263	2070	1
PA_vRNA	120	258	275	2050	1
PA_vRNA	120	258	321	2022	1
PA_vRNA	120	258	330	1960	1
PA_vRNA	120	1221	1444	2111	2
PA_vRNA	122	168	329	2001	1
PA_vRNA	123	151	191	207	1
PA_vRNA	123	151	2188	2197	1
PA_vRNA	124	471	508	1868	1
PA_vRNA	124	471	532	1873	1
PA_vRNA	124	471	539	1847	1
PA_vRNA	124	471	539	2027	1
PA_vRNA	124	471	2023	2034	1
PA_vRNA	125	1704	1916	1941	5
PA_vRNA	125	1704	2064	2101	2
PA_vRNA	130	303	307	471	3
PA_vRNA	130	303	318	1995	2
PA_vRNA	130	303	320	1961	1
PA_vRNA	130	303	334	2030	1
PA_vRNA	130	303	352	1895	39
PA_vRNA	130	303	358	1968	1
PA_vRNA	130	303	374	2109	2
PA_vRNA	130	303	383	1965	2
PA_vRNA	130	303	393	1931	1
PA_vRNA	130	303	394	1927	15
PA_vRNA	130	303	529	609	3
PA_vRNA	137	327	329	1988	1
PA_vRNA	137	327	334	2007	2
PA_vRNA	138	333	383	1965	2
PA_vRNA	139	326	339	2000	1
PA_vRNA	139	326	371	2012	1
PA_vRNA	139	326	387	2001	1
PA_vRNA	140	469	476	1864	1
PA_vRNA	140	469	490	1789	1
PA_vRNA	140	517	532	1873	1
PA_vRNA	148	2041	2099	2124	2
PA_vRNA	149	162	226	2066	25
PA_vRNA	149	1942	1989	2019	2
PA_vRNA	150	225	304	2034	1
PA_vRNA	150	1574	1676	2115	2
PA_vRNA	152	1940	2070	2106	8
PA_vRNA	154	1877	2051	2073	1
PA_vRNA	156	201	243	262	1
PA_vRNA	156	201	254	263	2
PA_vRNA	156	201	275	2050	1
PA_vRNA	156	201	294	2055	1
PA_vRNA	156	201	349	1998	1
PA_vRNA	156	201	420	2052	1
PA_vRNA	159	1976	2021	2031	1
PA_vRNA	159	1976	2051	2073	1
PA_vRNA	159	1976	2081	2093	1
PA_vRNA	159	1976	2150	2158	1
PA_vRNA	160	2031	2096	2115	59
PA_vRNA	161	482	537	1907	1
PA_vRNA	161	543	725	1977	4
PA_vRNA	161	2029	2096	2111	1
PA_vRNA	163	171	210	2108	1
PA_vRNA	163	171	237	1999	1
PA_vRNA	163	171	241	2074	1
PA_vRNA	163	171	259	2043	1
PA_vRNA	163	171	259	2125	124
PA_vRNA	163	171	275	2050	1
PA_vRNA	163	2104	2140	2149	2
PA_vRNA	163	2104	2188	2197	1
PA_vRNA	165	228	320	2072	8
PA_vRNA	170	219	286	2045	1
PA_vRNA	170	219	304	2034	1
PA_vRNA	172	221	248	2052	1
PA_vRNA	172	221	249	291	1
PA_vRNA	172	221	252	2035	1
PA_vRNA	172	221	268	1955	1
PA_vRNA	172	221	275	2005	1
PA_vRNA	172	221	283	2052	1
PA_vRNA	172	221	290	2051	1
PA_vRNA	172	221	296	2009	572
PA_vRNA	172	221	297	2045	1
PA_vRNA	172	221	321	2025	1
PA_vRNA	172	221	367	1938	2
PA_vRNA	172	221	2131	2144	329
PA_vRNA	173	2048	2140	2149	1
PA_vRNA	173	2063	2099	2124	1
PA_vRNA	174	183	208	1780	1
PA_vRNA	174	183	208	2041	1
PA_vRNA	174	183	210	1931	1
PA_vRNA	174	183	221	2097	1
PA_vRNA	174	183	224	2068	1
PA_vRNA	174	183	237	2089	1
PA_vRNA	174	183	243	262	2
PA_vRNA	174	183	243	1929	1
PA_vRNA	174	183	248	2052	1
PA_vRNA	174	183	258	1996	3
PA_vRNA	174	183	259	2084	1
PA_vRNA	174	183	262	2046	3
PA_vRNA	174	183	275	1859	1
PA_vRNA	174	183	290	2051	1
PA_vRNA	174	183	318	1995	1
PA_vRNA	174	183	319	1969	1
PA_vRNA	174	183	334	2025	1
PA_vRNA	174	183	334	2030	1
PA_vRNA	174	183	357	1948	1
PA_vRNA	174	183	389	1852	1
PA_vRNA	174	183	459	2041	1
PA_vRNA	174	183	539	2027	162
PA_vRNA	174	183	2092	2113	1
PA_vRNA	178	2057	2140	2149	1
PA_vRNA	181	2021	2045	2080	1
PA_vRNA	181	2021	2051	2073	1
PA_vRNA	181	2074	2096	2112	1
PA_vRNA	181	2074	2099	2124	1
PA_vRNA	181	2074	2140	2149	1
PA_vRNA	181	2074	2146	2191	2
PA_vRNA	181	2074	2188	2197	1
PA_vRNA	183	429	475	1776	2
PA_vRNA	184	563	838	2141	5
PA_vRNA	186	2015	2081	2093	1
PA_vRNA	186	2090	2096	2111	1
PA_vRNA	190	246	476	1864	1
PA_vRNA	190	246	535	2047	21
PA_vRNA	191	207	236	2067	1
PA_vRNA	191	207	237	2089	5
PA_vRNA	191	207	239	2072	1
PA_vRNA	191	207	246	1932	2
PA_vRNA	191	207	248	2052	1
PA_vRNA	191	207	249	2045	1
PA_vRNA	191	207	251	2095	1
PA_vRNA	191	207	252	2090	1
PA_vRNA	191	207	254	2096	1
PA_vRNA	191	207	258	1996	1
PA_vRNA	191	207	258	2057	1
PA_vRNA	191	207	259	2084	1
PA_vRNA	191	207	261	2056	2
PA_vRNA	191	207	261	2089	1
PA_vRNA	191	207	262	2046	2
PA_vRNA	191	207	262	2107	1
PA_vRNA	191	207	263	2042	1
PA_vRNA	191	207	263	2070	1
PA_vRNA	191	207	267	2045	2
PA_vRNA	191	207	267	2054	1
PA_vRNA	191	207	269	2049	2
PA_vRNA	191	207	274	2087	1
PA_vRNA	191	207	275	2050	3
PA_vRNA	191	207	275	2051	2
PA_vRNA	191	207	286	2021	1
PA_vRNA	191	207	289	2057	1
PA_vRNA	191	207	290	2051	3
PA_vRNA	191	207	290	2056	3
PA_vRNA	191	207	291	1978	1
PA_vRNA	191	207	291	2029	2
PA_vRNA	191	207	292	2006	1
PA_vRNA	191	207	293	2058	2
PA_vRNA	191	207	294	2042	1
PA_vRNA	191	207	294	2055	2
PA_vRNA	191	207	297	2014	2
PA_vRNA	191	207	297	2036	1
PA_vRNA	191	207	297	2045	2
PA_vRNA	191	207	298	2064	2623
PA_vRNA	191	207	299	2065	1
PA_vRNA	191	207	304	2034	1
PA_vRNA	191	207	304	2070	9
PA_vRNA	191	207	307	2025	1
PA_vRNA	191	207	315	2014	1
PA_vRNA	191	207	320	1977	1
PA_vRNA	191	207	334	2030	1
PA_vRNA	191	207	356	2097	46
PA_vRNA	191	207	356	2154	1
PA_vRNA	191	207	532	1873	1
PA_vRNA	191	207	538	1877	1
PA_vRNA	191	207	2099	2124	1
PA_vRNA	191	207	2110	2126	1
PA_vRNA	191	207	2140	2149	1
PA_vRNA	191	207	2188	2197	1080
PA_vRNA	192	208	2188	2197	1
PA_vRNA	193	1958	1969	2045	1
PA_vRNA	193	1958	2022	2050	2
PA_vRNA	194	1704	1930	2007	4
PA_vRNA	194	1704	2092	2140	2
PA_vRNA	195	2016	2021	2064	1
PA_vRNA	195	2016	2081	2093	1
PA_vRNA	195	2016	2150	2158	1
PA_vRNA	196	2018	2051	2073	1
PA_vRNA	197	213	250	2003	1
PA_vRNA	197	213	2188	2197	2
PA_vRNA	198	214	245	2064	1
PA_vRNA	198	214	275	2041	2
PA_vRNA	198	214	290	2051	2
PA_vRNA	198	214	298	1993	1
PA_vRNA	199	2077	2081	2093	9
PA_vRNA	199	2077	2150	2158	9
PA_vRNA	208	1780	2051	2073	1
PA_vRNA	208	2041	2099	2124	1
PA_vRNA	208	2041	2131	2144	1
PA_vRNA	208	2041	2140	2149	1
PA_vRNA	208	2041	2188	2197	1
PA_vRNA	211	1999	2051	2073	1
PA_vRNA	211	2055	2140	2149	1
PA_vRNA	212	257	291	1939	1
PA_vRNA	212	257	406	2137	1
PA_vRNA	212	2096	2140	2149	1
PA_vRNA	213	2054	2140	2189	1
PA_vRNA	214	1993	2022	2050	1
PA_vRNA	214	1993	2040	2146	1
PA_vRNA	215	1872	1980	2032	31
PA_vRNA	215	1872	2094	2144	33
PA_vRNA	216	227	506	1859	1
PA_vRNA	216	2059	2146	2191	1
PA_vRNA	218	2042	2131	2144	1
PA_vRNA	218	2131	2173	2190	47
PA_vRNA	221	1993	2099	2158	10
PA_vRNA	221	2034	2040	2156	9
PA_vRNA	222	241	290	2031	1
PA_vRNA	222	241	296	2054	1
PA_vRNA	223	345	508	1836	12
PA_vRNA	223	486	541	1780	6
PA_vRNA	223	486	1822	1885	3
PA_vRNA	223	486	1934	2002	4
PA_vRNA	223	1058	1188	1242	10
PA_vRNA	223	1058	1457	2056	6
PA_vRNA	224	264	312	1997	48
PA_vRNA	224	540	871	2140	1
PA_vRNA	224	1033	1063	1305	114
PA_vRNA	224	1033	1487	2042	22
PA_vRNA	224	1919	1991	2003	5
PA_vRNA	224	1938	2100	2116	45
PA_vRNA	224	2015	2055	2068	1
PA_vRNA	224	2068	2139	2151	21
PA_vRNA	225	251	296	2025	1
PA_vRNA	225	251	362	2028	16
PA_vRNA	225	1092	1132	1146	4
PA_vRNA	225	1806	1875	1987	22
PA_vRNA	225	1991	2096	2155	2
PA_vRNA	226	406	460	503	1
PA_vRNA	226	406	592	1939	5
PA_vRNA	226	406	626	1671	1
PA_vRNA	226	2033	2096	2117	2
PA_vRNA	226	2033	2096	2124	32
PA_vRNA	226	2033	2099	2125	2
PA_vRNA	226	2066	2140	2149	1
PA_vRNA	227	258	415	1810	1
PA_vRNA	227	258	1966	1995	3
PA_vRNA	228	2006	2061	2072	33
PA_vRNA	228	2124	2188	2197	1
PA_vRNA	229	2027	2188	2197	1
PA_vRNA	230	254	427	1853	1
PA_vRNA	233	296	388	1938	8
PA_vRNA	236	258	283	2052	1
PA_vRNA	236	258	290	2031	1
PA_vRNA	236	258	295	1995	6
PA_vRNA	236	258	320	1961	1
PA_vRNA	236	258	321	2022	1
PA_vRNA	237	1800	1918	1958	193
PA_vRNA	237	2089	2096	2111	2
PA_vRNA	237	2089	2133	2151	1
PA_vRNA	237	2089	2137	2157	1
PA_vRNA	237	2089	2139	2151	1
PA_vRNA	237	2089	2140	2149	1
PA_vRNA	237	2089	2146	2191	1
PA_vRNA	237	2089	2150	2158	1
PA_vRNA	239	1876	1925	2068	5
PA_vRNA	239	1948	1977	2023	1207
PA_vRNA	240	362	399	2025	9
PA_vRNA	240	1949	1978	2024	1
PA_vRNA	240	2056	2140	2149	1
PA_vRNA	241	253	304	342	1
PA_vRNA	241	253	433	1857	9
PA_vRNA	242	314	383	2047	2
PA_vRNA	242	314	392	2002	1
PA_vRNA	242	2040	2054	2090	1
PA_vRNA	242	2040	2081	2093	1
PA_vRNA	242	2040	2096	2112	1
PA_vRNA	242	2040	2146	2191	1
PA_vRNA	242	2058	2140	2149	1
PA_vRNA	243	262	270	2056	1
PA_vRNA	243	262	290	2051	3
PA_vRNA	243	262	291	1939	2
PA_vRNA	243	262	291	2062	1
PA_vRNA	243	262	296	1931	1
PA_vRNA	243	262	297	1960	1
PA_vRNA	243	262	297	2014	1
PA_vRNA	243	262	303	2010	1
PA_vRNA	243	262	304	342	1
PA_vRNA	243	262	304	2034	1
PA_vRNA	243	262	306	1972	1
PA_vRNA	243	262	307	1941	4
PA_vRNA	243	262	307	2025	1
PA_vRNA	243	262	315	2014	2
PA_vRNA	243	262	316	1926	1
PA_vRNA	243	262	318	1995	2
PA_vRNA	243	262	320	1961	2
PA_vRNA	243	262	321	1977	1
PA_vRNA	243	262	321	2022	1
PA_vRNA	243	262	321	2025	1
PA_vRNA	243	262	325	1884	2
PA_vRNA	243	262	334	2030	1
PA_vRNA	243	262	339	2000	1
PA_vRNA	243	262	344	2022	1
PA_vRNA	243	262	345	2021	2
PA_vRNA	243	262	346	2134	1
PA_vRNA	243	262	378	413	1
PA_vRNA	243	262	420	2052	459
PA_vRNA	243	262	532	1873	1
PA_vRNA	243	262	1933	1953	1
PA_vRNA	243	262	1943	1953	4
PA_vRNA	243	262	1993	2052	1
PA_vRNA	244	426	478	2073	26
PA_vRNA	245	258	307	392	1
PA_vRNA	245	258	307	471	1
PA_vRNA	245	258	367	1953	1
PA_vRNA	245	272	297	2045	1
PA_vRNA	245	272	315	1932	1
PA_vRNA	245	272	321	2022	1
PA_vRNA	245	272	334	2030	1
PA_vRNA	245	1988	2055	2068	58
PA_vRNA	245	2056	2060	2069	1
PA_vRNA	245	2062	2133	2151	123
PA_vRNA	245	2064	2096	2112	1
PA_vRNA	245	2064	2099	2124	1
PA_vRNA	245	2064	2146	2191	1
PA_vRNA	245	2064	2188	2197	1
PA_vRNA	245	2100	2140	2149	2
PA_vRNA	246	292	569	1942	1
PA_vRNA	246	1932	1944	2012	1
PA_vRNA	246	1932	1953	1983	1
PA_vRNA	246	1932	2140	2149	1
PA_vRNA	246	1942	2027	2051	26
PA_vRNA	246	1954	1977	2023	1
PA_vRNA	246	1989	2055	2068	1
PA_vRNA	246	2029	2096	2111	3
PA_vRNA	246	2086	2096	2124	1
PA_vRNA	246	2086	2099	2124	1
PA_vRNA	247	2083	2099	2124	1
PA_vRNA	247	2091	2140	2149	1
PA_vRNA	248	1822	1876	1939	6
PA_vRNA	248	1822	2021	2115	2
PA_vRNA	248	2052	2096	2115	1
PA_vRNA	248	2052	2099	2124	1
PA_vRNA	248	2052	2140	2149	3
PA_vRNA	248	2052	2188	2197	1
PA_vRNA	249	291	356	1919	82
PA_vRNA	250	262	307	471	1
PA_vRNA	250	262	307	1919	1
PA_vRNA	250	262	317	1941	1
PA_vRNA	250	262	345	2021	1
PA_vRNA	250	262	359	398	97
PA_vRNA	250	262	486	1958	55
PA_vRNA	250	1582	1933	2047	34
PA_vRNA	250	2003	2081	2093	1
PA_vRNA	250	2003	2083	2111	1
PA_vRNA	250	2003	2119	2155	1
PA_vRNA	251	2019	2022	2050	1
PA_vRNA	251	2020	2081	2093	1
PA_vRNA	251	2022	2045	2080	1
PA_vRNA	251	2119	2139	2151	1
PA_vRNA	252	2035	2096	2115	1
PA_vRNA	252	2043	2096	2115	1
PA_vRNA	253	2047	2132	2158	1
PA_vRNA	254	263	297	2045	1
PA_vRNA	254	263	307	1919	1
PA_vRNA	254	263	307	2025	1
PA_vRNA	254	263	351	1930	1
PA_vRNA	254	263	352	1895	1
PA_vRNA	254	263	443	2050	72
PA_vRNA	254	2096	2188	2197	1
PA_vRNA	255	264	443	2050	1
PA_vRNA	256	304	370	1905	1
PA_vRNA	256	304	428	2053	1
PA_vRNA	256	312	471	1462	6
PA_vRNA	256	312	1695	2025	1
PA_vRNA	256	2091	2140	2149	1
PA_vRNA	256	2091	2140	2189	2
PA_vRNA	256	2091	2150	2158	1
PA_vRNA	257	276	307	2025	2
PA_vRNA	257	276	319	2065	1
PA_vRNA	257	276	330	1889	1
PA_vRNA	258	316	330	2045	1
PA_vRNA	258	316	361	2045	89
PA_vRNA	258	1996	2027	2051	1
PA_vRNA	258	1996	2040	2156	3
PA_vRNA	258	1996	2045	2080	2
PA_vRNA	258	1996	2081	2093	3
PA_vRNA	258	1996	2083	2127	1
PA_vRNA	258	1996	2150	2158	2
PA_vRNA	259	1934	2008	2044	1
PA_vRNA	259	2095	2099	2124	1
PA_vRNA	259	2095	2140	2149	1164
PA_vRNA	261	286	289	2069	1
PA_vRNA	261	286	538	1699	1
PA_vRNA	261	333	375	1985	1
PA_vRNA	261	333	399	1802	1
PA_vRNA	261	333	399	2044	1
PA_vRNA	261	333	417	1953	1
PA_vRNA	261	333	424	1779	1
PA_vRNA	261	333	438	2003	3
PA_vRNA	261	333	471	1822	1
PA_vRNA	261	333	1941	2029	1
PA_vRNA	261	363	371	2115	1
PA_vRNA	261	394	537	2020	1
PA_vRNA	261	1772	1818	1859	2
PA_vRNA	261	1772	2041	2090	1
PA_vRNA	261	1853	1861	2054	2
PA_vRNA	261	1922	1989	2016	15
PA_vRNA	261	2056	2146	2191	53
PA_vRNA	261	2064	2144	2156	2
PA_vRNA	261	2089	2140	2149	1
PA_vRNA	261	2113	2173	2190	1
PA_vRNA	261	2119	2140	2149	1
PA_vRNA	262	1983	2055	2097	1
PA_vRNA	262	2046	2054	2090	1
PA_vRNA	262	2046	2081	2093	1
PA_vRNA	262	2107	2140	2149	1
PA_vRNA	262	2107	2146	2191	1
PA_vRNA	262	2108	2150	2159	2
PA_vRNA	263	1973	1979	2031	1
PA_vRNA	263	2027	2045	2080	2
PA_vRNA	263	2027	2110	2126	1
PA_vRNA	263	2042	2096	2112	1
PA_vRNA	263	2070	2140	2149	1
PA_vRNA	266	2052	2140	2149	1
PA_vRNA	268	283	285	2065	2
PA_vRNA	268	283	410	1945	2
PA_vRNA	268	1955	1993	2052	2
PA_vRNA	268	2028	2089	2112	1
PA_vRNA	269	280	415	1988	8
PA_vRNA	272	2116	2148	2157	1
PA_vRNA	274	2087	2099	2124	1
PA_vRNA	275	284	330	1889	1
PA_vRNA	275	284	345	2021	1
PA_vRNA	275	284	415	1917	37
PA_vRNA	275	299	368	1991	23
PA_vRNA	275	299	389	1852	1
PA_vRNA	275	2005	2081	2093	1
PA_vRNA	275	2005	2140	2149	1
PA_vRNA	275	2005	2150	2158	1
PA_vRNA	275	2050	2081	2093	1
PA_vRNA	275	2050	2133	2151	1
PA_vRNA	275	2050	2137	2157	1
PA_vRNA	275	2051	2081	2093	3
PA_vRNA	275	2051	2096	2115	1
PA_vRNA	275	2051	2099	2124	1
PA_vRNA	275	2051	2140	2149	2
PA_vRNA	276	1978	2096	2117	4
PA_vRNA	277	2027	2056	2076	2
PA_vRNA	277	2028	2099	2124	1
PA_vRNA	278	312	2110	2126	1
PA_vRNA	278	2028	2081	2093	1
PA_vRNA	278	2028	2150	2158	1
PA_vRNA	283	2041	2099	2124	1
PA_vRNA	283	2052	2131	2144	1
PA_vRNA	283	2054	2137	2157	39
PA_vRNA	284	1882	2021	2031	7
PA_vRNA	284	2035	2040	2156	2
PA_vRNA	284	2052	2081	2093	1
PA_vRNA	285	303	330	2012	2
PA_vRNA	285	1974	2020	2045	15
PA_vRNA	285	2025	2131	2144	1
PA_vRNA	286	2021	2034	2150	1
PA_vRNA	286	2021	2051	2073	1
PA_vRNA	288	1883	1918	1958	1
PA_vRNA	288	1939	2092	2113	6
PA_vRNA	289	2022	2062	2077	32
PA_vRNA	289	2022	2116	2152	14
PA_vRNA	289	2057	2188	2197	1
PA_vRNA	290	447	657	1820	1
PA_vRNA	290	1981	1991	2003	1
PA_vRNA	290	2031	2051	2073	1
PA_vRNA	290	2031	2081	2093	1
PA_vRNA	290	2031	2096	2111	1
PA_vRNA	290	2031	2099	2124	2
PA_vRNA	290	2031	2101	2153	1
PA_vRNA	290	2031	2140	2149	1
PA_vRNA	290	2041	2099	2124	1
PA_vRNA	290	2051	2081	2093	2
PA_vRNA	290	2051	2131	2144	1
PA_vRNA	290	2056	2081	2093	2
PA_vRNA	290	2056	2137	2157	1
PA_vRNA	290	2056	2139	2151	1
PA_vRNA	290	2056	2140	2149	1
PA_vRNA	291	1920	2140	2149	1
PA_vRNA	291	1939	1969	2045	1
PA_vRNA	291	1939	1977	2023	1
PA_vRNA	291	1939	1993	2052	2
PA_vRNA	291	1939	2051	2073	2
PA_vRNA	291	1939	2099	2124	1
PA_vRNA	291	1949	1977	2023	12
PA_vRNA	291	1978	1980	2032	3
PA_vRNA	291	2006	2009	2033	1
PA_vRNA	291	2020	2051	2073	1
PA_vRNA	291	2029	2051	2073	2
PA_vRNA	292	1987	1990	2057	3
PA_vRNA	292	2017	2020	2045	1
PA_vRNA	293	2028	2096	2111	1
PA_vRNA	293	2039	2081	2093	1
PA_vRNA	293	2039	2150	2158	1
PA_vRNA	293	2092	2146	2191	1
PA_vRNA	294	2054	2081	2093	1
PA_vRNA	294	2054	2150	2158	1
PA_vRNA	294	2055	2099	2124	1
PA_vRNA	294	2055	2132	2158	1
PA_vRNA	294	2055	2146	2191	1
PA_vRNA	296	316	328	1927	1
PA_vRNA	296	316	358	1968	1
PA_vRNA	296	316	397	1882	15
PA_vRNA	296	316	537	1836	1
PA_vRNA	296	336	538	1830	1
PA_vRNA	296	1931	1933	1953	1
PA_vRNA	296	1938	2011	2077	13
PA_vRNA	296	2009	2131	2144	419
PA_vRNA	296	2025	2056	2076	226
PA_vRNA	296	2025	2099	2124	1
PA_vRNA	296	2032	2051	2073	1
PA_vRNA	296	2045	2081	2093	1
PA_vRNA	296	2045	2150	2158	1
PA_vRNA	296	2054	2081	2093	1
PA_vRNA	296	2054	2096	2115	1
PA_vRNA	297	374	503	1937	3
PA_vRNA	297	1927	1968	1995	17
PA_vRNA	297	1960	2045	2080	1
PA_vRNA	297	2014	2045	2080	1
PA_vRNA	297	2014	2056	2076	1
PA_vRNA	297	2014	2081	2093	1
PA_vRNA	297	2014	2099	2124	1
PA_vRNA	297	2014	2099	2158	1
PA_vRNA	297	2014	2188	2197	1
PA_vRNA	297	2054	2081	2093	1
PA_vRNA	298	485	537	2020	3
PA_vRNA	298	1909	1960	2062	196
PA_vRNA	298	1953	2000	2097	2
PA_vRNA	298	1993	2037	2148	1
PA_vRNA	298	1993	2051	2073	1
PA_vRNA	298	1993	2055	2068	2
PA_vRNA	298	2062	2133	2151	5
PA_vRNA	298	2064	2140	2149	1
PA_vRNA	298	2064	2188	2197	1146
PA_vRNA	298	2064	2189	2198	1
PA_vRNA	299	364	370	1884	1
PA_vRNA	299	2057	2060	2069	1
PA_vRNA	299	2057	2188	2197	1
PA_vRNA	300	1992	2021	2064	4
PA_vRNA	301	2046	2081	2093	1
PA_vRNA	302	361	389	2021	19
PA_vRNA	304	342	361	1947	1
PA_vRNA	304	342	370	1905	2
PA_vRNA	304	342	373	1982	1
PA_vRNA	304	342	374	2109	33
PA_vRNA	304	342	381	1977	3
PA_vRNA	304	342	382	1874	2
PA_vRNA	304	342	383	1965	51
PA_vRNA	304	342	385	1938	1
PA_vRNA	304	342	385	1980	1
PA_vRNA	304	342	385	1981	1
PA_vRNA	304	342	387	1974	2
PA_vRNA	304	342	388	1880	2
PA_vRNA	304	342	388	1919	1
PA_vRNA	304	342	388	1960	2
PA_vRNA	304	342	389	1814	1
PA_vRNA	304	342	389	1852	1
PA_vRNA	304	342	393	2003	1
PA_vRNA	304	342	396	1938	1
PA_vRNA	304	342	396	2041	1
PA_vRNA	304	342	397	1882	1
PA_vRNA	304	342	398	1880	1
PA_vRNA	304	342	399	1802	10
PA_vRNA	304	342	399	2044	1
PA_vRNA	304	342	403	1884	1
PA_vRNA	304	342	405	1865	1
PA_vRNA	304	342	406	2137	6
PA_vRNA	304	342	407	1994	1
PA_vRNA	304	342	407	2052	1
PA_vRNA	304	342	409	1977	2
PA_vRNA	304	342	410	1945	2
PA_vRNA	304	342	410	2002	1
PA_vRNA	304	342	413	1897	1
PA_vRNA	304	342	416	2155	4
PA_vRNA	304	342	417	1953	1
PA_vRNA	304	342	419	1894	1
PA_vRNA	304	342	420	1826	1
PA_vRNA	304	342	420	1865	1
PA_vRNA	304	342	420	2052	3
PA_vRNA	304	342	423	1932	1
PA_vRNA	304	342	424	1779	3
PA_vRNA	304	342	426	1859	2
PA_vRNA	304	342	426	1972	1
PA_vRNA	304	342	430	1944	1
PA_vRNA	304	342	433	1771	1
PA_vRNA	304	342	433	1857	2
PA_vRNA	304	342	433	1915	461
PA_vRNA	304	342	433	1942	5
PA_vRNA	304	342	434	1946	1
PA_vRNA	304	342	434	2000	1
PA_vRNA	304	342	487	583	1
PA_vRNA	304	342	488	584	480
PA_vRNA	304	342	641	1707	1
PA_vRNA	304	342	729	1790	208
PA_vRNA	304	342	1992	2051	1
PA_vRNA	304	342	1993	2052	79
PA_vRNA	304	468	2081	2093	1
PA_vRNA	304	1943	1948	2016	5
PA_vRNA	304	2015	2051	2073	1
PA_vRNA	304	2015	2131	2144	1
PA_vRNA	304	2027	2081	2093	2
PA_vRNA	304	2027	2096	2117	1
PA_vRNA	304	2027	2099	2124	3
PA_vRNA	304	2027	2100	2116	1
PA_vRNA	304	2027	2150	2158	1
PA_vRNA	304	2034	2081	2093	165
PA_vRNA	304	2034	2083	2095	1
PA_vRNA	304	2034	2083	2111	2
PA_vRNA	304	2034	2092	2113	1
PA_vRNA	304	2034	2096	2112	1
PA_vRNA	304	2034	2096	2115	1
PA_vRNA	304	2034	2099	2124	37
PA_vRNA	304	2034	2100	2116	3
PA_vRNA	304	2034	2119	2155	5
PA_vRNA	304	2034	2131	2144	1
PA_vRNA	304	2034	2150	2158	35
PA_vRNA	304	2070	2099	2124	4
PA_vRNA	304	2070	2188	2197	4
PA_vRNA	305	343	399	1802	1
PA_vRNA	305	343	488	584	1
PA_vRNA	307	316	330	1960	1
PA_vRNA	307	316	388	1974	26
PA_vRNA	307	392	416	2155	1
PA_vRNA	307	392	441	1823	1
PA_vRNA	307	471	486	1958	1
PA_vRNA	307	471	508	1836	1
PA_vRNA	307	471	525	2117	1
PA_vRNA	307	471	526	1823	1
PA_vRNA	307	471	527	607	1
PA_vRNA	307	471	529	609	3963
PA_vRNA	307	471	530	610	1
PA_vRNA	307	471	532	1873	1
PA_vRNA	307	471	537	1848	1
PA_vRNA	307	471	538	1823	1
PA_vRNA	307	471	538	1877	1
PA_vRNA	307	471	539	1847	3
PA_vRNA	307	471	554	1961	1
PA_vRNA	307	471	577	2024	4
PA_vRNA	307	471	643	1963	1220
PA_vRNA	307	471	644	1964	1
PA_vRNA	307	471	2045	2080	1
PA_vRNA	307	471	2051	2073	1
PA_vRNA	307	471	2081	2093	1010
PA_vRNA	307	471	2083	2095	1
PA_vRNA	307	471	2150	2158	651
PA_vRNA	307	1919	1969	2045	1
PA_vRNA	307	1919	1993	2052	2
PA_vRNA	307	1941	1943	1953	4
PA_vRNA	307	1941	1976	2041	171
PA_vRNA	307	1974	1979	2031	3
PA_vRNA	307	2005	2132	2158	7
PA_vRNA	307	2025	2034	2150	1
PA_vRNA	307	2025	2045	2080	3
PA_vRNA	307	2025	2060	2069	1
PA_vRNA	307	2025	2099	2124	2
PA_vRNA	308	472	530	610	1
PA_vRNA	309	324	334	2030	1
PA_vRNA	309	324	389	1852	1
PA_vRNA	309	324	392	2002	1
PA_vRNA	309	474	529	609	1
PA_vRNA	309	474	537	1863	1
PA_vRNA	309	474	643	1963	1
PA_vRNA	309	2015	2119	2155	1
PA_vRNA	310	475	530	610	1
PA_vRNA	310	475	2150	2158	1
PA_vRNA	310	2039	2188	2197	1
PA_vRNA	311	475	529	609	4
PA_vRNA	311	475	534	1850	1
PA_vRNA	311	475	643	1963	1
PA_vRNA	311	1939	2021	2031	1
PA_vRNA	312	349	399	2044	1
PA_vRNA	312	2038	2101	2153	1
PA_vRNA	313	2006	2099	2124	1
PA_vRNA	315	337	373	1982	1
PA_vRNA	315	337	383	1965	1
PA_vRNA	315	337	400	1826	1
PA_vRNA	315	1932	1969	2045	1
PA_vRNA	315	1956	2021	2031	1
PA_vRNA	315	1956	2081	2093	2
PA_vRNA	315	1956	2150	2158	2
PA_vRNA	315	2002	2004	2017	1
PA_vRNA	315	2014	2051	2073	1
PA_vRNA	315	2014	2081	2093	2
PA_vRNA	315	2014	2083	2127	1
PA_vRNA	316	1926	1953	1983	1
PA_vRNA	316	1926	1969	2045	1
PA_vRNA	316	1926	1977	2023	1
PA_vRNA	316	1926	1991	2003	1
PA_vRNA	316	1926	1993	2052	1
PA_vRNA	316	1942	2021	2115	2
PA_vRNA	316	2010	2051	2073	1
PA_vRNA	316	2023	2051	2073	1
PA_vRNA	317	2059	2062	2077	1
PA_vRNA	317	2073	2099	2124	1
PA_vRNA	318	1655	1728	2064	124
PA_vRNA	318	1995	2004	2097	2
PA_vRNA	318	1995	2081	2093	3
PA_vRNA	320	373	461	1852	1
PA_vRNA	320	1958	2099	2124	1
PA_vRNA	320	1961	1976	2031	1
PA_vRNA	320	1961	2004	2017	1
PA_vRNA	320	1961	2022	2050	1
PA_vRNA	320	1961	2045	2080	2
PA_vRNA	320	1961	2051	2073	1
PA_vRNA	321	338	538	1877	1
PA_vRNA	321	338	563	1858	2
PA_vRNA	321	397	424	1779	1
PA_vRNA	321	1941	1976	2041	6
PA_vRNA	321	2022	2045	2080	1
PA_vRNA	321	2022	2056	2076	1
PA_vRNA	321	2025	2051	2073	2
PA_vRNA	321	2025	2081	2093	2
PA_vRNA	321	2025	2099	2124	2
PA_vRNA	328	1927	2150	2158	1
PA_vRNA	329	743	813	2047	4
PA_vRNA	329	1940	1993	2052	1
PA_vRNA	329	1988	2056	2076	1
PA_vRNA	329	1988	2081	2093	1
PA_vRNA	329	2022	2051	2073	1
PA_vRNA	329	2056	2081	2093	1
PA_vRNA	330	344	348	2017	1
PA_vRNA	330	344	414	520	1
PA_vRNA	330	344	602	1780	1
PA_vRNA	330	1889	1916	2040	1
PA_vRNA	330	1889	1953	1983	1
PA_vRNA	330	1889	1969	2045	1
PA_vRNA	330	1889	2081	2093	1
PA_vRNA	330	1889	2150	2158	1
PA_vRNA	330	1960	1977	2023	2
PA_vRNA	330	1960	1988	2090	1
PA_vRNA	330	1960	2020	2045	2
PA_vRNA	330	1960	2040	2156	1
PA_vRNA	330	1960	2188	2197	1
PA_vRNA	330	1964	2036	2049	14
PA_vRNA	330	2012	2081	2093	1
PA_vRNA	333	1729	2150	2158	1
PA_vRNA	333	1932	1991	2003	1
PA_vRNA	333	1986	2055	2068	2
PA_vRNA	333	2007	2099	2124	1
PA_vRNA	333	2022	2036	2049	1
PA_vRNA	333	2022	2051	2073	4
PA_vRNA	333	2062	2140	2149	1
PA_vRNA	334	2007	2051	2073	1
PA_vRNA	334	2030	2034	2150	1
PA_vRNA	334	2030	2045	2080	1
PA_vRNA	334	2030	2046	2150	1
PA_vRNA	334	2030	2051	2073	3
PA_vRNA	334	2030	2099	2124	4
PA_vRNA	334	2073	2099	2124	1
PA_vRNA	337	1941	1951	2014	1
PA_vRNA	339	1999	2023	2034	1
PA_vRNA	339	2000	2045	2080	1
PA_vRNA	339	2000	2081	2093	1
PA_vRNA	339	2000	2188	2197	1
PA_vRNA	343	1960	2045	2080	1
PA_vRNA	344	355	443	1823	3
PA_vRNA	344	355	1990	2057	4
PA_vRNA	345	1847	1925	2068	2
PA_vRNA	345	2021	2045	2080	1
PA_vRNA	345	2021	2051	2073	1
PA_vRNA	345	2021	2060	2069	1
PA_vRNA	345	2021	2081	2093	1
PA_vRNA	345	2021	2099	2124	3
PA_vRNA	345	2021	2150	2158	1
PA_vRNA	347	2001	2045	2080	2
PA_vRNA	347	2023	2099	2124	1
PA_vRNA	348	1802	1916	2040	2
PA_vRNA	348	1962	1969	2045	1
PA_vRNA	348	1962	2051	2073	1
PA_vRNA	348	2017	2051	2073	1
PA_vRNA	352	1895	1953	1983	2
PA_vRNA	352	1895	2040	2156	1
PA_vRNA	354	1993	2055	2068	1
PA_vRNA	356	1804	1873	1953	11
PA_vRNA	356	1873	2119	2155	69
PA_vRNA	356	1882	1953	1983	1
PA_vRNA	356	1940	2083	2111	31
PA_vRNA	356	2097	2133	2151	1
PA_vRNA	356	2097	2140	2149	13
PA_vRNA	356	2097	2150	2158	4
PA_vRNA	356	2097	2188	2197	89
PA_vRNA	357	405	450	2165	1
PA_vRNA	357	405	480	1816	3
PA_vRNA	358	1802	1882	1978	25
PA_vRNA	358	1968	2150	2158	1
PA_vRNA	358	1983	2045	2080	1
PA_vRNA	359	398	467	1858	1
PA_vRNA	359	398	472	1908	1
PA_vRNA	359	398	476	1864	1
PA_vRNA	359	398	479	1949	2
PA_vRNA	359	398	486	1958	160
PA_vRNA	359	398	532	1873	1
PA_vRNA	359	1974	1994	2008	1
PA_vRNA	360	372	1835	1857	1
PA_vRNA	360	1961	2045	2080	1
PA_vRNA	361	374	400	1910	1
PA_vRNA	361	1947	2051	2073	1
PA_vRNA	361	2045	2099	2124	1
PA_vRNA	362	1870	1916	2040	1
PA_vRNA	362	1977	2040	2097	1
PA_vRNA	362	2044	2096	2117	1
PA_vRNA	363	496	538	1877	1
PA_vRNA	363	1989	2055	2068	1
PA_vRNA	364	1942	1976	2031	1
PA_vRNA	364	2058	2140	2149	1
PA_vRNA	364	2066	2081	2093	2
PA_vRNA	364	2066	2150	2158	2
PA_vRNA	365	2159	2188	2197	1
PA_vRNA	367	1938	2031	2101	1
PA_vRNA	367	2032	2044	2155	2
PA_vRNA	369	1774	1876	1978	1
PA_vRNA	369	1774	1979	2031	2
PA_vRNA	370	1905	2045	2080	281
PA_vRNA	371	2012	2051	2073	1
PA_vRNA	373	1982	2051	2073	1
PA_vRNA	373	1982	2081	2093	1
PA_vRNA	374	2109	2140	2189	1
PA_vRNA	374	2109	2150	2158	1
PA_vRNA	374	2109	2188	2197	2
PA_vRNA	375	1985	2045	2080	1
PA_vRNA	376	1998	2081	2093	1
PA_vRNA	377	421	471	1845	1
PA_vRNA	377	421	471	2105	1
PA_vRNA	377	421	475	1822	1
PA_vRNA	377	421	508	1868	1
PA_vRNA	377	421	617	1845	1
PA_vRNA	377	1951	1967	1990	1
PA_vRNA	378	413	420	2052	1
PA_vRNA	378	413	471	1845	6
PA_vRNA	378	1963	2034	2150	1
PA_vRNA	379	1956	2132	2161	2
PA_vRNA	381	1842	2063	2155	4
PA_vRNA	381	1977	2096	2111	7
PA_vRNA	382	1874	2060	2069	46
PA_vRNA	383	398	476	1880	4
PA_vRNA	383	398	536	1876	1
PA_vRNA	383	1965	2022	2050	1
PA_vRNA	383	1965	2045	2080	1
PA_vRNA	385	398	2142	2156	1
PA_vRNA	385	1882	1940	2031	2
PA_vRNA	385	1938	2031	2101	9
PA_vRNA	386	1921	1930	2109	1
PA_vRNA	388	442	468	1857	2
PA_vRNA	388	442	497	1801	1
PA_vRNA	388	1772	1843	1859	2
PA_vRNA	388	1772	2000	2068	1
PA_vRNA	389	1964	1976	2172	1
PA_vRNA	390	2013	2051	2073	2
PA_vRNA	391	443	538	1975	6
PA_vRNA	391	1802	1852	1882	4
PA_vRNA	391	2005	2027	2051	1
PA_vRNA	391	2005	2036	2049	1
PA_vRNA	391	2005	2051	2073	34
PA_vRNA	391	2005	2055	2146	2
PA_vRNA	391	2005	2060	2069	4
PA_vRNA	391	2005	2081	2093	37
PA_vRNA	391	2005	2092	2113	1
PA_vRNA	391	2005	2150	2158	15
PA_vRNA	392	1959	2001	2073	1
PA_vRNA	392	2002	2099	2124	1167
PA_vRNA	393	1780	1930	2064	1
PA_vRNA	397	474	537	1925	81
PA_vRNA	397	474	1953	1983	1
PA_vRNA	398	486	537	1848	2
PA_vRNA	398	1927	1968	1995	1
PA_vRNA	398	1960	2051	2073	1
PA_vRNA	399	1802	1814	2160	1
PA_vRNA	399	2044	2081	2093	2
PA_vRNA	400	1826	1916	1941	5
PA_vRNA	401	1948	1960	2062	1
PA_vRNA	401	2138	2162	2197	1
PA_vRNA	403	1941	1976	2041	19
PA_vRNA	403	2068	2140	2149	1
PA_vRNA	404	431	475	1876	10
PA_vRNA	404	431	1926	1947	2
PA_vRNA	404	1907	1977	2023	1
PA_vRNA	405	1984	2051	2073	1
PA_vRNA	407	1928	2021	2031	1
PA_vRNA	408	1917	1993	2052	1
PA_vRNA	408	1921	2055	2146	10
PA_vRNA	408	1939	2051	2073	1
PA_vRNA	409	2026	2051	2073	1
PA_vRNA	410	1841	1883	2142	1
PA_vRNA	410	1918	1933	1953	1
PA_vRNA	412	1896	1976	2031	33
PA_vRNA	414	520	602	1780	4
PA_vRNA	415	434	472	1908	3
PA_vRNA	415	1810	1966	1995	3
PA_vRNA	415	1964	2023	2034	1
PA_vRNA	415	1964	2036	2049	2
PA_vRNA	417	1860	1953	1983	2
PA_vRNA	417	1953	2022	2050	1
PA_vRNA	417	1953	2051	2073	2
PA_vRNA	419	1893	1979	2031	1
PA_vRNA	420	1772	1902	1923	8
PA_vRNA	420	1937	2031	2101	8
PA_vRNA	420	1956	1993	2052	1
PA_vRNA	420	2052	2081	2093	1
PA_vRNA	421	477	538	1858	9
PA_vRNA	423	1997	2023	2034	1
PA_vRNA	423	1997	2081	2093	1
PA_vRNA	424	1779	1861	2054	1
PA_vRNA	426	1972	2051	2073	1
PA_vRNA	427	1782	1908	2056	1
PA_vRNA	428	1877	1925	2068	1
PA_vRNA	428	1877	2188	2197	1
PA_vRNA	428	1939	1976	2041	1
PA_vRNA	432	1961	2011	2077	1
PA_vRNA	433	1857	1953	1983	1
PA_vRNA	433	1915	1963	2012	4
PA_vRNA	433	1915	2051	2073	1
PA_vRNA	434	1946	1989	2019	1
PA_vRNA	434	1946	2081	2093	1
PA_vRNA	438	1796	1993	2052	1
PA_vRNA	441	1980	2051	2073	1
PA_vRNA	443	1823	1990	2057	1
PA_vRNA	445	2052	2146	2191	1
PA_vRNA	450	1941	1989	2097	2
PA_vRNA	452	1858	2051	2073	1
PA_vRNA	455	464	486	1791	1
PA_vRNA	455	464	496	1826	1
PA_vRNA	455	464	526	1877	1
PA_vRNA	455	464	529	1789	1
PA_vRNA	455	464	532	1873	2
PA_vRNA	455	464	538	1877	1
PA_vRNA	455	464	539	1847	443
PA_vRNA	455	464	1971	2040	1
PA_vRNA	455	464	2023	2034	123
PA_vRNA	459	2041	2092	2113	58
PA_vRNA	460	503	626	1671	1
PA_vRNA	460	503	1770	1816	1
PA_vRNA	460	517	538	1858	17
PA_vRNA	461	1852	2083	2127	1
PA_vRNA	462	1769	1771	1799	2
PA_vRNA	468	1999	2110	2126	3
PA_vRNA	469	1958	2001	2073	36
PA_vRNA	470	2007	2058	2075	7
PA_vRNA	471	1462	1695	2025	5
PA_vRNA	471	1776	1984	1998	1
PA_vRNA	471	1845	2023	2034	1
PA_vRNA	472	486	537	1714	1
PA_vRNA	472	486	537	1868	10
PA_vRNA	475	1776	1916	2040	1
PA_vRNA	475	1822	1861	2054	1
PA_vRNA	475	1876	1926	1947	12
PA_vRNA	476	516	529	609	1
PA_vRNA	476	516	537	1714	4
PA_vRNA	476	516	537	1784	105
PA_vRNA	476	554	591	1717	23
PA_vRNA	476	554	1775	1795	9
PA_vRNA	476	1864	1916	2040	1
PA_vRNA	476	1864	1918	1958	1
PA_vRNA	478	1881	2051	2073	1
PA_vRNA	479	1949	1977	2023	1
PA_vRNA	485	1837	1953	1983	1
PA_vRNA	486	582	1993	2052	1
PA_vRNA	487	544	640	1721	107
PA_vRNA	488	584	641	1707	1
PA_vRNA	488	584	668	1652	1
PA_vRNA	488	584	729	1790	437
PA_vRNA	488	584	1933	2047	1
PA_vRNA	488	584	1993	2052	206
PA_vRNA	491	1823	2125	2140	1
PA_vRNA	491	1883	2022	2050	1
PA_vRNA	493	1876	2021	2031	2
PA_vRNA	494	1941	2023	2034	1
PA_vRNA	495	1717	1966	1981	2
PA_vRNA	496	1805	1864	2064	7
PA_vRNA	497	1801	2023	2034	1
PA_vRNA	506	1820	1953	1983	54
PA_vRNA	508	1868	1925	2068	1
PA_vRNA	508	1868	1953	1983	2
PA_vRNA	508	1868	2046	2068	1
PA_vRNA	508	1868	2051	2073	732
PA_vRNA	509	1869	2051	2073	2
PA_vRNA	511	1826	1908	2056	1
PA_vRNA	511	1905	1993	2052	1
PA_vRNA	516	1996	2023	2034	1
PA_vRNA	524	2133	2150	2158	1
PA_vRNA	525	1826	1902	1923	12
PA_vRNA	525	1987	2040	2156	2
PA_vRNA	526	1798	1860	2010	1
PA_vRNA	526	1859	1918	1958	1
PA_vRNA	526	1930	1967	1990	1
PA_vRNA	527	607	643	1963	1
PA_vRNA	527	1809	1837	1870	1
PA_vRNA	528	588	640	1721	1
PA_vRNA	528	1999	2045	2080	1
PA_vRNA	529	609	643	1963	3769
PA_vRNA	529	609	644	1964	1
PA_vRNA	529	609	2045	2080	1
PA_vRNA	529	609	2081	2093	1107
PA_vRNA	529	609	2083	2095	1
PA_vRNA	529	609	2150	2158	807
PA_vRNA	530	610	2150	2158	1
PA_vRNA	532	1776	1813	1864	1
PA_vRNA	532	1873	1953	1983	1
PA_vRNA	535	1725	2038	2073	1
PA_vRNA	536	1795	1797	1831	1
PA_vRNA	536	1873	2147	2159	1
PA_vRNA	537	1717	2051	2073	1
PA_vRNA	537	1907	1953	1983	2
PA_vRNA	537	1907	2051	2073	1
PA_vRNA	537	1907	2081	2093	1
PA_vRNA	537	1925	1953	1983	1
PA_vRNA	537	2018	2020	2045	1
PA_vRNA	537	2042	2081	2093	1
PA_vRNA	538	1699	1797	1831	3
PA_vRNA	538	1877	1953	1983	3
PA_vRNA	538	1877	2045	2080	1
PA_vRNA	539	1847	1963	2012	1
PA_vRNA	539	1847	1971	2040	4
PA_vRNA	539	1847	2023	2034	183
PA_vRNA	539	2027	2045	2080	1
PA_vRNA	540	568	698	1680	2
PA_vRNA	541	1780	1822	1885	7
PA_vRNA	541	1780	1934	2002	3
PA_vRNA	542	1750	1802	1813	7
PA_vRNA	577	2024	2051	2073	4
PA_vRNA	577	2024	2058	2075	1
PA_vRNA	577	2024	2081	2093	26
PA_vRNA	577	2024	2083	2111	1
PA_vRNA	577	2024	2099	2124	57
PA_vRNA	577	2024	2100	2116	4
PA_vRNA	577	2024	2150	2158	8
PA_vRNA	591	1717	1775	1795	18
PA_vRNA	591	1717	1813	1864	16
PA_vRNA	594	1944	1976	2041	1
PA_vRNA	597	1677	1777	1824	3
PA_vRNA	612	634	708	1584	2
PA_vRNA	616	1710	1991	2003	26
PA_vRNA	617	1845	2014	2056	2
PA_vRNA	625	720	802	1677	1
PA_vRNA	640	1657	1728	2064	12
PA_vRNA	643	1963	2045	2080	1
PA_vRNA	643	1963	2051	2073	2
PA_vRNA	643	1963	2081	2093	1373
PA_vRNA	643	1963	2083	2095	1
PA_vRNA	643	1963	2150	2158	1074
PA_vRNA	647	1600	1674	1718	3
PA_vRNA	647	1600	1837	1870	2
PA_vRNA	679	1798	1916	1977	1
PA_vRNA	729	1790	1993	2052	287
PA_vRNA	729	1790	2096	2117	1
PA_vRNA	769	1907	1930	2109	1
PA_vRNA	813	2047	2140	2149	1
PA_vRNA	1063	1305	1487	2042	18
PA_vRNA	1188	1242	1457	2056	6
PA_vRNA	1209	2005	2040	2156	1
PA_vRNA	1209	2005	2051	2073	1
PA_vRNA	1452	1823	1873	2097	1
PA_vRNA	1674	1718	1775	1795	8
PA_vRNA	1770	1816	1849	1873	2
PA_vRNA	1771	1799	1822	1885	2
PA_vRNA	1771	1799	1934	2002	2
PA_vRNA	1802	1813	1967	1990	1
PA_vRNA	1818	1859	2041	2090	2
PA_vRNA	1822	1846	1933	1953	1
PA_vRNA	1822	1885	1934	2002	2
PA_vRNA	1835	1857	2022	2050	2
PA_vRNA	1843	1859	2000	2068	2
PA_vRNA	1865	1883	1941	2029	1
PA_vRNA	1876	1939	2021	2115	28
PA_vRNA	1882	1978	2056	2076	1
PA_vRNA	1916	1941	2064	2101	3
PA_vRNA	1918	1958	1993	2052	1
PA_vRNA	1925	2068	2188	2197	1
PA_vRNA	1930	2007	2092	2140	1
PA_vRNA	1948	2016	2034	2150	1
PA_vRNA	1951	2014	2081	2093	1
PA_vRNA	1951	2014	2150	2158	1
PA_vRNA	1966	1981	2051	2073	1
PA_vRNA	1976	2031	2081	2093	2
PA_vRNA	1976	2031	2099	2124	1
PA_vRNA	1976	2031	2150	2158	1
PA_vRNA	1980	2032	2094	2144	50
PA_vRNA	1984	1998	2081	2093	2
PA_vRNA	1989	2019	2036	2049	1
PA_vRNA	1993	2052	2081	2093	1
PA_vRNA	1993	2052	2096	2117	1
PA_vRNA	1993	2052	2146	2191	1
PA_vRNA	1993	2052	2150	2158	1
PA_vRNA	2009	2033	2081	2093	1
PA_vRNA	2021	2064	2099	2124	1
PA_vRNA	2023	2034	2081	2093	1
PA_vRNA	2023	2034	2150	2158	1
PA_vRNA	2031	2101	2150	2158	2
PA_vRNA	2038	2073	2110	2156	1
PA_vRNA	2058	2075	2151	2192	1
PA_vRNA	2060	2069	2188	2197	1
PA_vRNA	2062	2077	2116	2152	26
PA_vRNA	2062	2077	2188	2197	1
PA_vRNA	2081	2093	2131	2144	1
PA_vRNA	2081	2093	2150	2158	2532
PA_vRNA	2081	2093	2152	2160	1
PA_vRNA	2083	2095	2119	2155	1
PA_vRNA	2083	2095	2150	2158	3
PA_vRNA	2110	2126	2188	2197	2
PA_vRNA	2116	2152	2188	2197	1
PB1_vRNA	97	1344	1482	1535	1
PB1_vRNA	105	126	2271	2290	2
PB1_vRNA	105	460	530	1933	1
PB1_vRNA	106	122	271	297	3
PB1_vRNA	116	2070	2178	2206	1
PB1_vRNA	131	163	294	2165	1
PB1_vRNA	150	173	233	2090	2
PB1_vRNA	160	168	185	199	1
PB1_vRNA	160	168	205	2170	1
PB1_vRNA	160	168	206	2172	1
PB1_vRNA	160	168	231	2181	1
PB1_vRNA	160	168	233	2150	1
PB1_vRNA	160	168	241	295	1
PB1_vRNA	160	168	241	2029	1
PB1_vRNA	160	168	256	2181	2
PB1_vRNA	160	168	271	2071	657
PB1_vRNA	160	168	306	338	1
PB1_vRNA	160	168	345	2074	21
PB1_vRNA	160	168	355	2074	1
PB1_vRNA	160	168	394	2206	1
PB1_vRNA	160	168	2126	2184	649
PB1_vRNA	160	168	2131	2189	1
PB1_vRNA	176	2144	2265	2290	2
PB1_vRNA	177	235	274	2197	2
PB1_vRNA	177	235	337	2148	5
PB1_vRNA	178	207	348	2144	1
PB1_vRNA	178	2148	2195	2249	2
PB1_vRNA	179	235	273	2207	213
PB1_vRNA	179	235	276	2210	1
PB1_vRNA	179	235	298	2200	1
PB1_vRNA	179	339	363	2146	1
PB1_vRNA	179	339	394	2206	77
PB1_vRNA	179	339	713	2144	1
PB1_vRNA	183	201	276	2072	17
PB1_vRNA	183	201	2144	2177	16
PB1_vRNA	183	352	397	1956	1
PB1_vRNA	183	352	397	2149	18
PB1_vRNA	185	199	271	2071	1
PB1_vRNA	185	199	347	2058	9
PB1_vRNA	185	2090	2130	2155	1
PB1_vRNA	185	2144	2233	2252	4
PB1_vRNA	187	2045	2102	2111	60
PB1_vRNA	194	234	273	2207	1
PB1_vRNA	194	234	384	1995	9
PB1_vRNA	195	2145	2250	2292	4
PB1_vRNA	195	2212	2264	2277	14
PB1_vRNA	197	219	319	2206	5
PB1_vRNA	198	263	367	2133	10
PB1_vRNA	203	216	234	256	1
PB1_vRNA	203	216	242	2144	1
PB1_vRNA	203	216	242	2173	1
PB1_vRNA	203	216	279	2087	1
PB1_vRNA	203	216	287	2095	40
PB1_vRNA	203	216	303	2230	1
PB1_vRNA	204	215	220	2255	4
PB1_vRNA	204	215	262	2086	1
PB1_vRNA	204	215	353	2176	1
PB1_vRNA	204	215	383	2179	82
PB1_vRNA	205	235	273	2207	1
PB1_vRNA	205	235	289	2082	3
PB1_vRNA	205	235	383	2179	2
PB1_vRNA	205	235	2144	2170	4
PB1_vRNA	205	235	2274	2289	4
PB1_vRNA	207	300	311	2125	3
PB1_vRNA	210	221	274	2298	82
PB1_vRNA	214	241	276	2031	1
PB1_vRNA	214	241	291	2208	102
PB1_vRNA	214	253	356	2170	3
PB1_vRNA	215	1949	2016	2059	15
PB1_vRNA	215	2182	2246	2290	1
PB1_vRNA	216	238	293	2042	1
PB1_vRNA	218	240	289	337	15
PB1_vRNA	218	240	303	2230	1
PB1_vRNA	218	240	306	338	2
PB1_vRNA	218	240	334	2076	31
PB1_vRNA	218	240	342	2020	2
PB1_vRNA	218	240	363	2015	1
PB1_vRNA	218	240	379	2152	1
PB1_vRNA	218	240	394	2206	1
PB1_vRNA	218	240	398	2030	1
PB1_vRNA	218	240	399	2073	643
PB1_vRNA	218	240	415	2029	1
PB1_vRNA	218	240	433	2021	1
PB1_vRNA	218	243	268	2161	2
PB1_vRNA	218	243	273	2037	1
PB1_vRNA	218	243	287	346	1
PB1_vRNA	218	243	289	358	1
PB1_vRNA	218	243	292	2149	1
PB1_vRNA	218	243	293	2042	1
PB1_vRNA	218	243	295	2011	1
PB1_vRNA	218	243	300	2129	1
PB1_vRNA	218	243	306	338	1
PB1_vRNA	218	243	318	2016	1
PB1_vRNA	218	243	319	2021	1
PB1_vRNA	218	243	334	2076	2
PB1_vRNA	218	243	353	2031	982
PB1_vRNA	218	243	423	1977	1
PB1_vRNA	218	243	437	1997	1
PB1_vRNA	218	243	447	1978	1
PB1_vRNA	218	243	514	1925	1
PB1_vRNA	219	274	294	2165	3
PB1_vRNA	219	274	299	2102	2
PB1_vRNA	219	274	300	2086	1
PB1_vRNA	219	274	300	2129	1
PB1_vRNA	219	274	301	2056	1
PB1_vRNA	219	274	305	2151	1
PB1_vRNA	219	274	306	338	1
PB1_vRNA	219	274	319	2021	3273
PB1_vRNA	219	274	319	2023	2
PB1_vRNA	219	274	320	2022	1
PB1_vRNA	219	274	324	2025	3
PB1_vRNA	219	274	324	2133	1
PB1_vRNA	219	274	326	2035	1
PB1_vRNA	219	274	333	352	1
PB1_vRNA	219	274	334	2076	1
PB1_vRNA	219	274	339	2011	1
PB1_vRNA	219	274	356	2177	1
PB1_vRNA	219	274	358	2026	4
PB1_vRNA	219	274	363	2146	1
PB1_vRNA	219	274	394	2206	1
PB1_vRNA	219	274	409	2062	1
PB1_vRNA	219	274	434	2030	1
PB1_vRNA	219	274	447	2016	1
PB1_vRNA	219	274	478	2007	1
PB1_vRNA	219	274	1494	2048	6
PB1_vRNA	219	274	2130	2155	1298
PB1_vRNA	219	274	2131	2156	1
PB1_vRNA	219	274	2144	2177	1
PB1_vRNA	219	274	2176	2187	1
PB1_vRNA	220	275	337	2088	1
PB1_vRNA	220	2123	2206	2217	46
PB1_vRNA	221	243	276	2031	1
PB1_vRNA	221	243	293	2134	1
PB1_vRNA	221	364	405	2149	1
PB1_vRNA	222	274	338	2101	12
PB1_vRNA	223	236	348	2023	2
PB1_vRNA	228	250	287	2095	1
PB1_vRNA	228	250	315	2165	1
PB1_vRNA	228	250	353	2031	1
PB1_vRNA	228	253	271	2071	1
PB1_vRNA	228	253	300	2129	1
PB1_vRNA	228	253	317	2167	13
PB1_vRNA	228	253	2126	2184	1
PB1_vRNA	229	353	355	2157	3
PB1_vRNA	229	2141	2189	2214	66
PB1_vRNA	230	256	300	2130	1
PB1_vRNA	230	256	372	2270	33
PB1_vRNA	231	2088	2144	2177	1
PB1_vRNA	233	248	284	2117	1
PB1_vRNA	233	248	300	2129	1
PB1_vRNA	233	248	329	349	1
PB1_vRNA	233	248	333	2131	23
PB1_vRNA	233	248	338	2101	1
PB1_vRNA	233	288	338	1902	1
PB1_vRNA	233	2090	2144	2177	1911
PB1_vRNA	233	2141	2245	2277	2
PB1_vRNA	233	2144	2180	2199	3
PB1_vRNA	233	2144	2198	2210	2
PB1_vRNA	233	2144	2205	2279	3
PB1_vRNA	233	2144	2216	2248	1
PB1_vRNA	233	2144	2263	2280	2
PB1_vRNA	233	2146	2176	2187	1
PB1_vRNA	233	2146	2189	2215	1
PB1_vRNA	233	2217	2258	2267	2
PB1_vRNA	234	254	322	372	3
PB1_vRNA	234	254	417	2045	1
PB1_vRNA	234	254	511	2090	3
PB1_vRNA	234	254	2176	2187	1
PB1_vRNA	234	256	303	2230	470
PB1_vRNA	234	256	320	2144	1
PB1_vRNA	234	256	394	1878	3
PB1_vRNA	234	256	442	2021	1
PB1_vRNA	234	274	327	2153	1
PB1_vRNA	234	274	329	2150	1
PB1_vRNA	234	274	370	2090	1
PB1_vRNA	234	274	623	1769	1
PB1_vRNA	234	385	446	2050	2
PB1_vRNA	234	2044	2246	2290	1
PB1_vRNA	234	2091	2144	2177	1
PB1_vRNA	234	2091	2145	2178	1
PB1_vRNA	240	2168	2206	2217	1
PB1_vRNA	240	2168	2212	2219	1
PB1_vRNA	241	295	355	2157	5
PB1_vRNA	241	339	341	2145	1
PB1_vRNA	242	273	351	2070	27
PB1_vRNA	242	2144	2178	2206	1
PB1_vRNA	242	2173	2194	2217	1
PB1_vRNA	242	2206	2245	2287	1
PB1_vRNA	243	277	300	2129	1
PB1_vRNA	243	277	306	2090	1
PB1_vRNA	243	277	317	2099	1
PB1_vRNA	243	277	330	2114	222
PB1_vRNA	243	277	352	2072	45
PB1_vRNA	243	277	358	2026	1
PB1_vRNA	243	277	442	2021	1
PB1_vRNA	243	1950	2014	2144	16
PB1_vRNA	243	2095	2135	2156	5
PB1_vRNA	244	264	383	2066	1
PB1_vRNA	244	274	292	2149	1
PB1_vRNA	244	274	294	2144	1
PB1_vRNA	244	274	302	2125	2
PB1_vRNA	244	274	368	2022	1
PB1_vRNA	244	2207	2265	2290	2
PB1_vRNA	249	290	299	2149	1
PB1_vRNA	249	290	306	338	1
PB1_vRNA	249	290	394	2206	1
PB1_vRNA	250	2180	2210	2230	1
PB1_vRNA	252	261	331	2120	1
PB1_vRNA	252	261	404	2135	1
PB1_vRNA	252	261	433	1899	1
PB1_vRNA	252	261	442	1900	128
PB1_vRNA	252	262	296	2005	1
PB1_vRNA	252	262	334	2105	1
PB1_vRNA	252	262	363	2146	1
PB1_vRNA	252	262	434	2007	5
PB1_vRNA	252	265	292	2139	1
PB1_vRNA	252	265	331	2130	25
PB1_vRNA	252	265	415	2082	1
PB1_vRNA	252	276	306	338	2
PB1_vRNA	252	276	319	2206	1
PB1_vRNA	252	276	343	2154	1
PB1_vRNA	252	276	394	2206	2
PB1_vRNA	252	2137	2148	2181	1
PB1_vRNA	252	2151	2178	2206	1
PB1_vRNA	253	2165	2174	2208	3
PB1_vRNA	253	2196	2266	2277	1
PB1_vRNA	253	2207	2246	2290	1
PB1_vRNA	254	2175	2189	2215	1
PB1_vRNA	254	2175	2198	2210	1
PB1_vRNA	254	2175	2205	2216	1
PB1_vRNA	254	2175	2205	2279	2
PB1_vRNA	254	2175	2206	2217	7
PB1_vRNA	254	2175	2206	2249	1
PB1_vRNA	254	2175	2266	2277	3
PB1_vRNA	255	2058	2195	2268	5
PB1_vRNA	257	2125	2206	2217	1
PB1_vRNA	259	2131	2198	2210	22
PB1_vRNA	260	2092	2178	2206	393
PB1_vRNA	260	2092	2191	2223	1
PB1_vRNA	262	2161	2212	2219	2
PB1_vRNA	267	2043	2245	2287	3
PB1_vRNA	271	2071	2126	2184	1509
PB1_vRNA	272	293	374	2043	1
PB1_vRNA	272	293	383	1883	11
PB1_vRNA	272	293	1960	2093	6
PB1_vRNA	272	298	306	338	1
PB1_vRNA	272	298	358	2026	1
PB1_vRNA	272	298	394	2206	1
PB1_vRNA	272	336	383	2082	10
PB1_vRNA	272	336	415	2029	1
PB1_vRNA	272	2082	2173	2207	1
PB1_vRNA	272	2082	2198	2210	1
PB1_vRNA	272	2090	2144	2177	5
PB1_vRNA	272	2151	2205	2216	1
PB1_vRNA	273	2016	2073	2189	1
PB1_vRNA	275	301	368	2044	2
PB1_vRNA	275	301	395	2047	1
PB1_vRNA	275	301	447	2016	1
PB1_vRNA	275	301	452	2007	56
PB1_vRNA	275	371	447	2016	17
PB1_vRNA	275	371	2206	2249	4
PB1_vRNA	275	2090	2144	2170	17
PB1_vRNA	275	2090	2274	2289	2
PB1_vRNA	276	294	374	384	26
PB1_vRNA	276	294	515	2056	4
PB1_vRNA	276	2072	2144	2177	25
PB1_vRNA	283	2091	2126	2184	1
PB1_vRNA	284	358	394	2206	4
PB1_vRNA	284	358	433	2075	1
PB1_vRNA	284	358	437	1997	1
PB1_vRNA	284	358	460	1993	301
PB1_vRNA	284	359	415	2046	1
PB1_vRNA	284	2117	2144	2177	1
PB1_vRNA	285	321	376	2018	30
PB1_vRNA	287	346	394	2206	1
PB1_vRNA	287	346	395	2083	1
PB1_vRNA	287	346	398	2051	1
PB1_vRNA	287	346	404	2135	1
PB1_vRNA	287	346	407	2040	1
PB1_vRNA	287	346	415	2029	1
PB1_vRNA	287	346	423	1977	1
PB1_vRNA	287	346	431	2047	1
PB1_vRNA	287	346	437	2028	1
PB1_vRNA	287	346	577	1901	2
PB1_vRNA	289	337	351	2046	1
PB1_vRNA	289	337	374	2043	1
PB1_vRNA	289	337	398	2007	1
PB1_vRNA	289	337	398	2030	1
PB1_vRNA	289	337	399	2073	366
PB1_vRNA	289	337	400	2074	1
PB1_vRNA	289	337	404	2135	1
PB1_vRNA	289	337	407	2040	4
PB1_vRNA	289	337	415	2029	4
PB1_vRNA	289	337	417	1970	1
PB1_vRNA	289	337	423	1977	1
PB1_vRNA	289	337	424	2063	1
PB1_vRNA	289	337	433	2015	32
PB1_vRNA	289	337	435	1932	1
PB1_vRNA	289	337	442	2021	1
PB1_vRNA	289	337	447	2016	3
PB1_vRNA	289	337	2090	2121	1
PB1_vRNA	289	358	445	2016	1
PB1_vRNA	289	397	433	1997	1
PB1_vRNA	289	397	447	2016	1
PB1_vRNA	289	2082	2144	2170	2
PB1_vRNA	289	2082	2274	2289	1
PB1_vRNA	289	2085	2175	2195	3
PB1_vRNA	289	2144	2178	2206	2
PB1_vRNA	289	2169	2258	2267	27
PB1_vRNA	290	350	462	2045	4
PB1_vRNA	290	2038	2174	2192	1
PB1_vRNA	290	2075	2143	2230	11
PB1_vRNA	291	386	500	2062	9
PB1_vRNA	292	2149	2178	2206	1
PB1_vRNA	296	2141	2176	2187	1
PB1_vRNA	297	339	433	2021	18
PB1_vRNA	297	340	358	2026	2
PB1_vRNA	297	340	367	1939	1
PB1_vRNA	297	340	387	2007	1
PB1_vRNA	297	340	394	2206	2
PB1_vRNA	297	340	399	1932	1
PB1_vRNA	297	340	407	2040	1
PB1_vRNA	297	340	437	2016	93
PB1_vRNA	298	322	446	2082	1
PB1_vRNA	298	2092	2143	2195	2
PB1_vRNA	298	2092	2143	2206	53
PB1_vRNA	298	2158	2212	2219	1
PB1_vRNA	299	2145	2194	2217	14
PB1_vRNA	299	2212	2272	2289	2
PB1_vRNA	300	2084	2131	2141	3
PB1_vRNA	300	2129	2144	2177	1
PB1_vRNA	300	2129	2178	2206	1
PB1_vRNA	302	313	336	2206	17
PB1_vRNA	302	2125	2176	2187	1
PB1_vRNA	303	2168	2246	2290	1
PB1_vRNA	306	338	353	2031	1
PB1_vRNA	306	338	358	2026	1
PB1_vRNA	306	338	368	2044	1
PB1_vRNA	306	338	372	2045	1
PB1_vRNA	306	338	372	2270	1
PB1_vRNA	306	338	385	2074	1
PB1_vRNA	306	338	389	2017	1
PB1_vRNA	306	338	394	2206	4582
PB1_vRNA	306	338	395	2207	3
PB1_vRNA	306	338	396	2208	1
PB1_vRNA	306	338	397	2080	1
PB1_vRNA	306	338	405	2144	1
PB1_vRNA	306	338	415	2029	1
PB1_vRNA	306	338	415	2046	2
PB1_vRNA	307	339	394	2206	1
PB1_vRNA	307	339	395	2207	1
PB1_vRNA	308	2112	2144	2177	1
PB1_vRNA	309	2052	2111	2133	14
PB1_vRNA	309	2083	2100	2176	1
PB1_vRNA	309	2141	2178	2206	1
PB1_vRNA	311	2125	2176	2187	1
PB1_vRNA	312	368	394	2206	1
PB1_vRNA	312	368	399	2073	1
PB1_vRNA	312	368	411	1977	1
PB1_vRNA	312	368	415	2029	1
PB1_vRNA	312	368	424	2063	1
PB1_vRNA	312	368	427	2023	1
PB1_vRNA	312	368	434	2048	1
PB1_vRNA	312	368	462	2002	119
PB1_vRNA	312	2140	2143	2195	1
PB1_vRNA	313	2138	2189	2214	2
PB1_vRNA	315	2165	2180	2206	1
PB1_vRNA	315	2165	2194	2217	1
PB1_vRNA	317	337	394	2206	1
PB1_vRNA	317	337	433	2075	1
PB1_vRNA	318	369	397	2173	90
PB1_vRNA	318	2016	2130	2173	16
PB1_vRNA	319	2021	2130	2155	1477
PB1_vRNA	319	2021	2131	2156	1
PB1_vRNA	319	2021	2133	2158	1
PB1_vRNA	319	2021	2144	2177	1
PB1_vRNA	319	2021	2176	2187	1
PB1_vRNA	319	2023	2130	2155	2
PB1_vRNA	319	2067	2130	2155	1
PB1_vRNA	320	365	415	1930	2
PB1_vRNA	320	365	415	2086	6
PB1_vRNA	322	372	417	2045	7
PB1_vRNA	324	2025	2130	2155	1
PB1_vRNA	329	349	398	2051	2
PB1_vRNA	329	349	442	2021	2
PB1_vRNA	329	349	447	2056	25
PB1_vRNA	329	381	415	1925	1
PB1_vRNA	329	381	437	1997	1
PB1_vRNA	329	381	463	1962	8
PB1_vRNA	330	2114	2176	2187	1
PB1_vRNA	331	384	445	2075	2
PB1_vRNA	332	1991	2130	2155	1
PB1_vRNA	333	352	405	1994	13
PB1_vRNA	334	2029	2167	2209	2
PB1_vRNA	335	352	415	1925	20
PB1_vRNA	335	352	1960	1974	3
PB1_vRNA	336	368	415	2062	1
PB1_vRNA	336	2149	2201	2213	1
PB1_vRNA	336	2182	2258	2267	9
PB1_vRNA	337	356	445	2060	1
PB1_vRNA	338	393	515	2016	1
PB1_vRNA	338	2056	2130	2155	1
PB1_vRNA	338	2101	2130	2155	1
PB1_vRNA	338	2101	2131	2141	1
PB1_vRNA	340	2176	2266	2280	1
PB1_vRNA	343	2085	2143	2154	44
PB1_vRNA	345	2074	2126	2184	136
PB1_vRNA	347	2058	2124	2153	1
PB1_vRNA	348	2023	2238	2258	4
PB1_vRNA	348	2211	2272	2289	8
PB1_vRNA	351	2046	2090	2121	68
PB1_vRNA	352	2072	2135	2156	1
PB1_vRNA	353	2031	2130	2155	1
PB1_vRNA	355	2074	2126	2184	28
PB1_vRNA	355	2074	2130	2155	5
PB1_vRNA	355	2074	2144	2177	2
PB1_vRNA	355	2157	2187	2219	1
PB1_vRNA	355	2157	2189	2214	1
PB1_vRNA	355	2157	2206	2217	1
PB1_vRNA	356	2083	2274	2289	5
PB1_vRNA	357	2092	2144	2177	19
PB1_vRNA	358	2026	2130	2155	1
PB1_vRNA	358	2026	2131	2141	1
PB1_vRNA	359	2083	2130	2155	1
PB1_vRNA	360	2090	2178	2206	35
PB1_vRNA	360	2179	2210	2230	1
PB1_vRNA	362	2105	2144	2177	1
PB1_vRNA	363	2146	2206	2217	1
PB1_vRNA	364	399	433	2015	2
PB1_vRNA	365	2131	2195	2249	1
PB1_vRNA	367	380	459	1993	29
PB1_vRNA	368	385	740	1719	5
PB1_vRNA	368	385	2006	2030	1
PB1_vRNA	368	2044	2102	2111	1
PB1_vRNA	368	2044	2130	2155	3
PB1_vRNA	372	2045	2130	2155	16
PB1_vRNA	372	2045	2131	2141	13
PB1_vRNA	374	384	398	2007	1
PB1_vRNA	374	384	433	1997	1
PB1_vRNA	374	384	515	1998	1
PB1_vRNA	374	384	515	2056	14
PB1_vRNA	374	1180	1293	1305	3
PB1_vRNA	374	1180	1498	2204	19
PB1_vRNA	375	2145	2187	2219	132
PB1_vRNA	376	2146	2188	2220	2
PB1_vRNA	377	389	407	2040	1
PB1_vRNA	377	389	436	1903	39
PB1_vRNA	383	398	417	1970	1
PB1_vRNA	383	398	447	2016	48
PB1_vRNA	383	1883	1960	2093	13
PB1_vRNA	383	2082	2230	2247	1
PB1_vRNA	386	1883	1973	1994	1
PB1_vRNA	391	2048	2090	2121	2
PB1_vRNA	394	2206	2227	2248	1
PB1_vRNA	408	2012	2014	2144	1
PB1_vRNA	408	2012	2194	2217	1
PB1_vRNA	409	2062	2102	2111	4
PB1_vRNA	409	2062	2111	2133	4
PB1_vRNA	409	2062	2130	2155	48
PB1_vRNA	409	2062	2131	2141	19
PB1_vRNA	410	2104	2180	2206	1
PB1_vRNA	412	435	466	1914	1
PB1_vRNA	412	435	630	1844	64
PB1_vRNA	415	1925	1960	1974	17
PB1_vRNA	415	2046	2131	2141	2
PB1_vRNA	415	2062	2146	2179	1
PB1_vRNA	416	2038	2124	2153	1
PB1_vRNA	417	447	713	2144	2
PB1_vRNA	430	2044	2209	2290	2
PB1_vRNA	431	2047	2130	2155	1
PB1_vRNA	433	2206	2238	2292	3
PB1_vRNA	434	453	514	1900	38
PB1_vRNA	434	2042	2131	2141	304
PB1_vRNA	434	2042	2198	2210	1
PB1_vRNA	434	2042	2212	2219	1
PB1_vRNA	434	2090	2198	2210	1
PB1_vRNA	435	2073	2131	2141	1
PB1_vRNA	435	2073	2144	2177	3
PB1_vRNA	435	2088	2126	2184	1
PB1_vRNA	437	1973	2176	2187	1
PB1_vRNA	437	2016	2198	2210	1
PB1_vRNA	443	474	476	2015	1
PB1_vRNA	443	474	631	1881	14
PB1_vRNA	443	501	623	1925	9
PB1_vRNA	444	1945	1992	2026	2
PB1_vRNA	446	466	529	1948	2
PB1_vRNA	446	2023	2216	2265	5
PB1_vRNA	446	2028	2196	2213	4
PB1_vRNA	447	2016	2206	2249	7
PB1_vRNA	458	500	530	1919	1
PB1_vRNA	458	500	588	1878	7
PB1_vRNA	467	491	556	1926	9
PB1_vRNA	467	1902	1992	2037	18
PB1_vRNA	478	486	545	1888	40
PB1_vRNA	490	2066	2144	2177	2
PB1_vRNA	496	1926	1960	1974	1
PB1_vRNA	508	1935	2016	2059	1
PB1_vRNA	511	2090	2266	2277	4
PB1_vRNA	517	1229	1293	1305	1
PB1_vRNA	530	1930	1992	2026	2
PB1_vRNA	534	1908	1992	2037	2
PB1_vRNA	577	1901	1992	2037	1
PB1_vRNA	584	666	723	1741	224
PB1_vRNA	584	666	732	1818	1
PB1_vRNA	585	667	724	1742	1
PB1_vRNA	625	1786	2006	2051	1
PB1_vRNA	642	1604	1673	1711	1
PB1_vRNA	642	2082	2150	2195	3
PB1_vRNA	643	1818	2058	2082	1
PB1_vRNA	643	1822	1880	1907	9
PB1_vRNA	702	745	795	1638	5
PB1_vRNA	740	1719	2006	2030	11
PB1_vRNA	1293	1305	1498	2204	6
PB1_vRNA	1482	1535	1575	2268	2
PB1_vRNA	1494	2048	2130	2155	39
PB1_vRNA	1494	2048	2131	2141	19
PB1_vRNA	1808	2046	2130	2155	1
PB1_vRNA	1808	2046	2131	2141	9
PB1_vRNA	2014	2144	2194	2217	1
PB1_vRNA	2130	2155	2176	2187	1
PB1_vRNA	2131	2141	2198	2210	1
PB1_vRNA	2131	2141	2212	2219	1
PB1_vRNA	2144	2170	2274	2289	11
PB1_vRNA	2216	2248	2263	2280	1
PB2_vRNA	106	312	368	2040	1
PB2_vRNA	114	206	430	2052	3
PB2_vRNA	124	1379	1484	2200	1
PB2_vRNA	124	1379	1539	2235	3
PB2_vRNA	128	216	236	2228	1
PB2_vRNA	132	149	167	187	1
PB2_vRNA	132	149	339	2137	1
PB2_vRNA	136	366	375	2079	1
PB2_vRNA	136	366	2170	2181	1
PB2_vRNA	137	344	552	2182	6
PB2_vRNA	137	1255	1633	2167	4
PB2_vRNA	138	169	252	2205	1
PB2_vRNA	140	320	351	2151	1
PB2_vRNA	140	320	421	2223	28
PB2_vRNA	141	206	218	2134	1
PB2_vRNA	141	206	236	2228	1
PB2_vRNA	141	206	252	2205	1
PB2_vRNA	141	206	279	2134	1
PB2_vRNA	141	206	291	2235	124
PB2_vRNA	141	206	2170	2181	1
PB2_vRNA	141	928	1233	2127	99
PB2_vRNA	141	1281	1517	2184	1
PB2_vRNA	141	1281	1584	2222	2
PB2_vRNA	147	929	1162	2236	7
PB2_vRNA	148	161	212	231	2
PB2_vRNA	148	161	244	2172	1
PB2_vRNA	148	161	278	2108	43
PB2_vRNA	148	164	218	2134	1
PB2_vRNA	148	180	192	2182	1
PB2_vRNA	148	180	374	2025	2
PB2_vRNA	148	180	2128	2154	4
PB2_vRNA	148	181	252	2205	1
PB2_vRNA	148	181	340	2118	1
PB2_vRNA	148	1099	1234	2255	4
PB2_vRNA	148	1558	1785	2181	5
PB2_vRNA	148	1558	1831	2243	1
PB2_vRNA	149	193	210	2137	5
PB2_vRNA	149	193	236	2228	4
PB2_vRNA	149	193	252	2205	1
PB2_vRNA	149	193	468	699	2
PB2_vRNA	149	193	538	2234	4
PB2_vRNA	149	193	2221	2234	1
PB2_vRNA	149	1108	1236	2222	13
PB2_vRNA	149	1238	1485	2235	6
PB2_vRNA	149	1326	1431	2235	3
PB2_vRNA	149	1540	1833	1893	4
PB2_vRNA	151	2175	2253	2271	1
PB2_vRNA	154	173	227	2132	1
PB2_vRNA	154	173	273	2078	35
PB2_vRNA	154	173	2154	2223	29
PB2_vRNA	154	2090	2170	2181	1
PB2_vRNA	154	2090	2174	2186	1
PB2_vRNA	159	177	236	2160	6
PB2_vRNA	159	1788	1825	1844	5
PB2_vRNA	160	299	367	2098	1
PB2_vRNA	160	299	375	2079	4
PB2_vRNA	160	299	387	2146	1
PB2_vRNA	160	299	2170	2181	3
PB2_vRNA	161	212	252	2205	1
PB2_vRNA	161	212	256	2169	1
PB2_vRNA	164	175	201	2186	1
PB2_vRNA	164	175	210	2137	2
PB2_vRNA	164	175	226	2176	3
PB2_vRNA	164	175	231	2210	1
PB2_vRNA	164	175	236	2160	527
PB2_vRNA	164	175	236	2215	3
PB2_vRNA	164	175	244	2154	2
PB2_vRNA	164	175	252	2205	1
PB2_vRNA	164	175	254	2187	1
PB2_vRNA	164	175	343	2039	1
PB2_vRNA	164	310	375	2079	1
PB2_vRNA	165	185	375	2079	1
PB2_vRNA	165	185	2170	2181	1
PB2_vRNA	166	1998	2016	2091	1
PB2_vRNA	167	187	206	1788	1
PB2_vRNA	167	187	210	280	2
PB2_vRNA	167	187	210	2137	1
PB2_vRNA	167	187	212	2140	3
PB2_vRNA	167	187	217	287	3
PB2_vRNA	167	187	220	2056	1
PB2_vRNA	167	187	220	2196	2
PB2_vRNA	167	187	221	2213	1
PB2_vRNA	167	187	229	2166	1
PB2_vRNA	167	187	244	2172	1
PB2_vRNA	167	187	248	2259	1
PB2_vRNA	167	187	257	2093	2
PB2_vRNA	167	187	261	2111	1
PB2_vRNA	167	187	265	302	1
PB2_vRNA	167	187	274	2135	1
PB2_vRNA	167	187	275	1615	1
PB2_vRNA	167	187	278	2181	1
PB2_vRNA	167	187	301	2193	1
PB2_vRNA	167	187	334	2040	2
PB2_vRNA	167	187	343	2039	1
PB2_vRNA	167	187	363	2057	1
PB2_vRNA	167	187	375	2050	1
PB2_vRNA	167	187	375	2079	1196
PB2_vRNA	167	187	378	2082	1
PB2_vRNA	167	187	387	2038	1
PB2_vRNA	167	187	389	2067	1
PB2_vRNA	167	187	405	2232	1
PB2_vRNA	167	187	407	2019	1
PB2_vRNA	167	187	409	2098	1
PB2_vRNA	167	187	410	2068	1
PB2_vRNA	167	187	424	1998	3
PB2_vRNA	167	187	455	1971	1
PB2_vRNA	167	187	481	2187	1
PB2_vRNA	167	187	492	2020	1
PB2_vRNA	167	187	643	2111	1
PB2_vRNA	167	187	2170	2181	834
PB2_vRNA	168	188	375	2079	1
PB2_vRNA	179	237	458	1872	1
PB2_vRNA	179	237	501	1903	13
PB2_vRNA	179	237	2204	2215	4
PB2_vRNA	182	198	230	2188	3
PB2_vRNA	182	198	248	2259	1
PB2_vRNA	182	198	252	2205	1
PB2_vRNA	182	198	285	2225	6
PB2_vRNA	185	433	550	653	4
PB2_vRNA	185	433	802	2191	2
PB2_vRNA	185	1243	1429	2246	38
PB2_vRNA	186	429	467	1750	13
PB2_vRNA	186	429	2042	2184	1
PB2_vRNA	186	2128	2212	2234	5
PB2_vRNA	187	1088	1388	1432	7
PB2_vRNA	187	1088	1514	2213	2
PB2_vRNA	188	234	276	2226	3
PB2_vRNA	188	234	327	2061	1
PB2_vRNA	189	302	424	1998	1
PB2_vRNA	189	408	460	2137	1
PB2_vRNA	192	206	273	927	15
PB2_vRNA	192	206	551	1894	1
PB2_vRNA	192	206	1239	1257	1
PB2_vRNA	192	206	1475	2053	1
PB2_vRNA	201	2030	2117	2196	10
PB2_vRNA	202	219	284	2102	1
PB2_vRNA	202	219	394	2121	5
PB2_vRNA	202	230	507	2001	7
PB2_vRNA	202	232	319	2126	1
PB2_vRNA	202	311	368	2230	8
PB2_vRNA	203	232	370	2080	1
PB2_vRNA	203	232	400	2018	1
PB2_vRNA	203	232	2147	2167	2
PB2_vRNA	204	242	252	2205	1
PB2_vRNA	204	242	287	1934	9
PB2_vRNA	204	242	323	2209	3
PB2_vRNA	204	242	2071	2222	5
PB2_vRNA	204	249	336	2142	2
PB2_vRNA	204	332	598	2118	7
PB2_vRNA	204	2193	2204	2245	1
PB2_vRNA	206	291	462	483	3
PB2_vRNA	210	280	285	2180	1
PB2_vRNA	210	280	343	2039	1
PB2_vRNA	210	280	343	2084	1
PB2_vRNA	210	280	375	2079	2
PB2_vRNA	210	280	406	1994	1
PB2_vRNA	210	2137	2170	2181	3
PB2_vRNA	210	2137	2204	2245	1
PB2_vRNA	210	2137	2221	2234	1
PB2_vRNA	211	861	1089	2222	1
PB2_vRNA	211	1049	1534	2135	12
PB2_vRNA	212	222	253	2087	1
PB2_vRNA	212	222	485	1921	8
PB2_vRNA	212	231	252	2205	2
PB2_vRNA	212	231	287	2121	117
PB2_vRNA	212	231	287	2180	1
PB2_vRNA	212	231	316	2082	1
PB2_vRNA	216	2003	2204	2245	1
PB2_vRNA	216	2135	2170	2181	1
PB2_vRNA	216	2172	2174	2186	1
PB2_vRNA	217	287	301	2193	2
PB2_vRNA	217	287	324	2098	1
PB2_vRNA	217	287	331	2018	1
PB2_vRNA	217	287	343	2084	1
PB2_vRNA	217	287	343	2181	1
PB2_vRNA	217	287	352	2028	1
PB2_vRNA	217	287	363	2057	1
PB2_vRNA	217	287	368	2025	1
PB2_vRNA	217	287	368	2027	1
PB2_vRNA	217	287	374	2025	1
PB2_vRNA	217	287	383	2015	1
PB2_vRNA	217	287	388	2038	1
PB2_vRNA	217	287	389	2016	2
PB2_vRNA	217	287	399	2025	3
PB2_vRNA	217	287	405	2232	1
PB2_vRNA	217	287	424	1998	1
PB2_vRNA	217	287	426	1778	1
PB2_vRNA	217	287	447	1982	1
PB2_vRNA	217	287	478	1909	1
PB2_vRNA	217	287	562	1858	1
PB2_vRNA	217	287	782	1705	1
PB2_vRNA	218	2134	2170	2181	2
PB2_vRNA	218	2142	2170	2181	1
PB2_vRNA	226	301	316	2082	1
PB2_vRNA	227	2132	2154	2223	1
PB2_vRNA	233	256	338	2041	1
PB2_vRNA	233	256	467	2018	13
PB2_vRNA	233	2140	2170	2181	1
PB2_vRNA	238	2096	2174	2186	13
PB2_vRNA	244	2172	2212	2234	1
PB2_vRNA	249	319	383	2015	1
PB2_vRNA	249	319	447	1982	2
PB2_vRNA	251	2166	2172	2212	1
PB2_vRNA	255	2154	2258	2278	8
PB2_vRNA	256	338	375	2079	1
PB2_vRNA	256	338	424	1998	1
PB2_vRNA	256	338	540	2184	1
PB2_vRNA	256	338	2170	2181	1
PB2_vRNA	262	306	318	2177	1
PB2_vRNA	262	306	389	2035	1
PB2_vRNA	265	302	323	2150	1
PB2_vRNA	265	302	356	2059	1
PB2_vRNA	265	302	357	2094	1
PB2_vRNA	265	302	367	2098	1
PB2_vRNA	265	302	375	2079	1
PB2_vRNA	265	302	389	2067	1
PB2_vRNA	271	311	343	2084	1
PB2_vRNA	273	927	1239	1257	2
PB2_vRNA	273	927	1475	2053	1
PB2_vRNA	273	2078	2154	2223	64
PB2_vRNA	275	288	473	1949	7
PB2_vRNA	275	1615	2170	2181	1
PB2_vRNA	277	287	289	2135	1
PB2_vRNA	277	287	562	583	2
PB2_vRNA	277	287	635	1843	1
PB2_vRNA	277	1220	1534	2255	4
PB2_vRNA	279	2026	2155	2208	2
PB2_vRNA	279	2134	2170	2181	3
PB2_vRNA	284	2187	2204	2245	1
PB2_vRNA	287	1934	2071	2222	10
PB2_vRNA	288	2180	2253	2271	1
PB2_vRNA	289	304	399	2068	6
PB2_vRNA	289	304	524	1893	44
PB2_vRNA	289	304	2171	2211	13
PB2_vRNA	292	2146	2170	2181	1
PB2_vRNA	296	332	714	1728	1
PB2_vRNA	298	325	375	2079	3
PB2_vRNA	316	2082	2170	2181	1
PB2_vRNA	319	2027	2103	2182	27
PB2_vRNA	320	2099	2143	2255	6
PB2_vRNA	325	1910	2010	2085	1
PB2_vRNA	326	2127	2170	2181	2
PB2_vRNA	329	2153	2179	2200	3
PB2_vRNA	331	2018	2152	2181	109
PB2_vRNA	352	2038	2152	2181	1
PB2_vRNA	367	2085	2170	2181	1
PB2_vRNA	368	2056	2129	2175	1
PB2_vRNA	368	2098	2170	2181	1
PB2_vRNA	369	1554	1633	2167	3
PB2_vRNA	369	1554	1658	2180	1
PB2_vRNA	370	1996	2201	2255	2
PB2_vRNA	370	2080	2147	2167	11
PB2_vRNA	372	2076	2170	2181	2
PB2_vRNA	374	2025	2128	2154	6
PB2_vRNA	375	2079	2134	2172	1
PB2_vRNA	375	2079	2152	2181	2
PB2_vRNA	375	2079	2170	2181	3232
PB2_vRNA	375	2079	2171	2182	2
PB2_vRNA	376	2086	2170	2181	2
PB2_vRNA	386	2083	2170	2181	1
PB2_vRNA	387	2097	2143	2255	1
PB2_vRNA	387	2125	2170	2181	1
PB2_vRNA	388	2038	2171	2211	1
PB2_vRNA	389	2038	2152	2181	1
PB2_vRNA	389	2051	2170	2181	1
PB2_vRNA	389	2067	2170	2181	2
PB2_vRNA	391	2023	2170	2181	2
PB2_vRNA	398	531	562	1878	2
PB2_vRNA	399	2025	2170	2181	1
PB2_vRNA	399	2071	2134	2172	347
PB2_vRNA	403	1877	2117	2203	1
PB2_vRNA	408	2074	2134	2172	1
PB2_vRNA	410	2085	2152	2181	1
PB2_vRNA	410	2121	2170	2181	1
PB2_vRNA	414	2099	2171	2211	1
PB2_vRNA	424	1998	2170	2181	2
PB2_vRNA	426	1778	1829	1932	262
PB2_vRNA	430	2052	2122	2157	4
PB2_vRNA	430	2052	2221	2234	2
PB2_vRNA	438	2091	2170	2181	2
PB2_vRNA	440	2137	2170	2181	1
PB2_vRNA	442	1923	2040	2056	1
PB2_vRNA	444	471	563	1876	2
PB2_vRNA	447	1982	2170	2181	2
PB2_vRNA	448	492	550	2056	2
PB2_vRNA	449	1705	1736	1771	7
PB2_vRNA	453	483	611	1789	1
PB2_vRNA	460	484	583	644	1
PB2_vRNA	460	497	582	1830	7
PB2_vRNA	461	483	538	1889	135
PB2_vRNA	462	483	733	1910	1
PB2_vRNA	467	1750	2042	2184	1
PB2_vRNA	473	503	581	1933	2
PB2_vRNA	484	1778	1821	1889	6
PB2_vRNA	491	530	571	1872	4
PB2_vRNA	497	618	691	1879	4
PB2_vRNA	501	1903	2204	2215	10
PB2_vRNA	516	527	573	1932	5
PB2_vRNA	524	1893	2171	2211	46
PB2_vRNA	550	653	802	2191	1
PB2_vRNA	551	1634	1829	2255	2
PB2_vRNA	551	1894	2180	2216	4
PB2_vRNA	562	583	635	1843	12
PB2_vRNA	562	645	687	1865	5
PB2_vRNA	566	588	702	1830	3
PB2_vRNA	570	757	876	1657	2
PB2_vRNA	570	757	1760	1780	1
PB2_vRNA	583	644	783	1942	2
PB2_vRNA	596	637	691	1777	7
PB2_vRNA	598	651	718	1738	1
PB2_vRNA	610	1751	1972	2086	1
PB2_vRNA	610	1751	2117	2194	1
PB2_vRNA	627	638	683	729	7
PB2_vRNA	627	638	834	2145	5
PB2_vRNA	643	2111	2170	2181	1
PB2_vRNA	683	729	834	2145	8
PB2_vRNA	707	1156	1184	1994	6
PB2_vRNA	707	1156	1233	2127	60
PB2_vRNA	707	1156	1236	2222	6
PB2_vRNA	707	1156	1239	1257	1
PB2_vRNA	707	1156	2040	2212	6
PB2_vRNA	714	1741	1857	1873	1
PB2_vRNA	819	2127	2170	2181	1
PB2_vRNA	876	1657	1760	1780	2
PB2_vRNA	1017	1254	1317	1354	3
PB2_vRNA	1017	1254	1439	2184	1
PB2_vRNA	1184	1994	2040	2212	63
PB2_vRNA	1233	2127	2179	2222	2
PB2_vRNA	1239	1257	1475	2053	1
PB2_vRNA	1317	1354	1439	2184	2
PB2_vRNA	1388	1432	1514	2213	24
PB2_vRNA	1439	2184	2233	2246	5
PB2_vRNA	1505	1521	1784	1907	2
PB2_vRNA	1876	1895	2042	2184	5
PB2_vRNA	1972	2086	2117	2194	8
PB2_vRNA	2040	2056	2106	2178	9
PB2_vRNA	2122	2157	2221	2234	3
PB2_vRNA	2170	2181	2204	2215	1
